,model_num,optimizer,loss_fn,activation_fn,output_activation_fn,epochs,batch_size,num_hiddenlayer,neurons_in_hiddenlayer,neurons_in_inputlayer,num_dropout_layers,loss,mse_test,mae_test,mape_test,cosine_similarity_test,rmse_test,msle_test,corr
0,0.0,sgd,mse,relu,relu,1.0,1.0,1.0,2.0,1.0,0.0,6484385595392.0,6484385595392.0,1634295.375,100.0,0.0,2546445.75,195.98910522460938,0.5289031736657247
1,1.0,sgd,mse,relu,relu,1.0,1.0,1.0,2.0,2.0,0.0,6484385595392.0,6484385595392.0,1634295.375,100.0,0.0,2546445.75,195.98910522460938,0.5289031736657247
2,2.0,sgd,mse,relu,relu,1.0,1.0,1.0,2.0,4.0,0.0,6484385595392.0,6484385595392.0,1634295.375,100.0,0.0,2546445.75,195.98910522460938,0.5289031736657247
3,3.0,sgd,mse,relu,relu,1.0,1.0,1.0,2.0,7.0,0.0,6484385595392.0,6484385595392.0,1634295.375,100.0,0.0,2546445.75,195.98910522460938,0.5289031736657247
4,4.0,sgd,mse,relu,relu,1.0,1.0,1.0,2.0,10.0,0.0,6484385595392.0,6484385595392.0,1634295.375,100.0,0.0,2546445.75,195.98910522460938,0.5289031736657247
5,5.0,sgd,mse,relu,relu,1.0,1.0,2.0,2.0,1.0,0.0,6484385595392.0,6484385595392.0,1634295.375,100.0,0.0,2546445.75,195.98910522460938,0.5289031736657247
6,6.0,sgd,mse,relu,relu,1.0,1.0,2.0,2.0,2.0,0.0,6484385595392.0,6484385595392.0,1634295.375,100.0,0.0,2546445.75,195.98910522460938,0.5289031736657247
7,7.0,sgd,mse,relu,relu,1.0,1.0,2.0,2.0,4.0,0.0,,,,,,,,0.5289031736657247
8,8.0,sgd,mse,relu,relu,1.0,1.0,2.0,2.0,7.0,0.0,6484385595392.0,6484385595392.0,1634295.375,100.0,0.0,2546445.75,195.98910522460938,0.5289031736657247
9,9.0,sgd,mse,relu,relu,1.0,1.0,2.0,2.0,10.0,0.0,6484385595392.0,6484385595392.0,1634295.375,100.0,0.0,2546445.75,195.98910522460938,0.5289031736657247
10,10.0,sgd,mse,relu,relu,1.0,1.0,4.0,2.0,1.0,0.0,6484385595392.0,6484385595392.0,1634295.375,100.0,0.0,2546445.75,195.98910522460938,0.5289031736657247
11,11.0,sgd,mse,relu,relu,1.0,1.0,4.0,2.0,2.0,0.0,6484385595392.0,6484385595392.0,1634295.375,100.0,0.0,2546445.75,195.98910522460938,0.5289031736657247
12,12.0,sgd,mse,relu,relu,1.0,1.0,4.0,2.0,4.0,0.0,,,,,,,,0.5289031736657247
13,13.0,sgd,mse,relu,relu,1.0,1.0,4.0,2.0,7.0,0.0,6484385595392.0,6484385595392.0,1634295.375,100.0,0.0,2546445.75,195.98910522460938,0.5289031736657247
14,14.0,sgd,mse,relu,relu,1.0,1.0,4.0,2.0,10.0,0.0,6484385595392.0,6484385595392.0,1634295.375,100.0,0.0,2546445.75,195.98910522460938,0.5289031736657247
15,15.0,sgd,mse,relu,relu,1.0,1.0,7.0,2.0,1.0,0.0,6484385595392.0,6484385595392.0,1634295.375,100.0,0.0,2546445.75,195.98910522460938,0.5289031736657247
16,16.0,sgd,mse,relu,relu,1.0,1.0,7.0,2.0,2.0,0.0,6484385595392.0,6484385595392.0,1634295.375,100.0,0.0,2546445.75,195.98910522460938,0.5289031736657247
17,17.0,sgd,mse,relu,relu,1.0,1.0,7.0,2.0,4.0,0.0,6484385595392.0,6484385595392.0,1634295.375,100.0,0.0,2546445.75,195.98910522460938,0.5289031736657247
18,18.0,sgd,mse,relu,relu,1.0,1.0,7.0,2.0,7.0,0.0,6484385595392.0,6484385595392.0,1634295.375,100.0,0.0,2546445.75,195.98910522460938,0.5289031736657247
19,19.0,sgd,mse,relu,relu,1.0,1.0,7.0,2.0,10.0,0.0,6484385595392.0,6484385595392.0,1634295.375,100.0,0.0,2546445.75,195.98910522460938,0.5289031736657247
20,20.0,sgd,mse,relu,relu,1.0,1.0,10.0,2.0,1.0,0.0,6484385595392.0,6484385595392.0,1634295.375,100.0,0.0,2546445.75,195.98910522460938,0.5289031736657247
21,21.0,sgd,mse,relu,relu,1.0,1.0,10.0,2.0,2.0,0.0,6484385595392.0,6484385595392.0,1634295.375,100.0,0.0,2546445.75,195.98910522460938,0.5289031736657247
22,22.0,sgd,mse,relu,relu,1.0,1.0,10.0,2.0,4.0,0.0,6484385595392.0,6484385595392.0,1634295.375,100.0,0.0,2546445.75,195.98910522460938,0.5289031736657247
23,23.0,sgd,mse,relu,relu,1.0,1.0,10.0,2.0,7.0,0.0,6484385595392.0,6484385595392.0,1634295.375,100.0,0.0,2546445.75,195.98910522460938,0.5289031736657247
24,24.0,sgd,mse,relu,relu,1.0,1.0,10.0,2.0,10.0,0.0,6484385595392.0,6484385595392.0,1634295.375,100.0,0.0,2546445.75,195.98910522460938,0.5289031736657247
25,25.0,sgd,mse,relu,relu,1.0,10.0,1.0,2.0,1.0,0.0,6484385595392.0,6484385595392.0,1634295.375,100.0,0.0,2546445.75,195.98910522460938,0.5289031736657247
26,26.0,sgd,mse,relu,relu,1.0,10.0,1.0,2.0,2.0,0.0,6484385595392.0,6484385595392.0,1634295.375,100.0,0.0,2546445.75,195.98910522460938,0.5289031736657247
27,27.0,sgd,mse,relu,relu,1.0,10.0,1.0,2.0,4.0,0.0,6484385595392.0,6484385595392.0,1634295.375,100.0,0.0,2546445.75,195.98910522460938,0.5289031736657247
28,28.0,sgd,mse,relu,relu,1.0,10.0,1.0,2.0,7.0,0.0,6484385595392.0,6484385595392.0,1634295.375,100.0,0.0,2546445.75,195.98910522460938,0.5289031736657247
29,29.0,sgd,mse,relu,relu,1.0,10.0,1.0,2.0,10.0,0.0,6484385595392.0,6484385595392.0,1634295.375,100.0,0.0,2546445.75,195.98910522460938,0.5289031736657247
30,30.0,sgd,mse,relu,relu,1.0,10.0,2.0,2.0,1.0,0.0,6484385595392.0,6484385595392.0,1634295.375,100.0,0.0,2546445.75,195.98910522460938,0.5289031736657247
31,31.0,sgd,mse,relu,relu,1.0,10.0,2.0,2.0,2.0,0.0,6484385595392.0,6484385595392.0,1634295.375,100.0,0.0,2546445.75,195.98910522460938,0.5289031736657247
32,32.0,sgd,mse,relu,relu,1.0,10.0,2.0,2.0,4.0,0.0,6484385595392.0,6484385595392.0,1634295.375,100.0,0.0,2546445.75,195.98910522460938,0.5289031736657247
33,33.0,sgd,mse,relu,relu,1.0,10.0,2.0,2.0,7.0,0.0,6484385595392.0,6484385595392.0,1634295.375,100.0,0.0,2546445.75,195.98910522460938,0.5289031736657247
34,34.0,sgd,mse,relu,relu,1.0,10.0,2.0,2.0,10.0,0.0,6484385595392.0,6484385595392.0,1634295.375,100.0,0.0,2546445.75,195.98910522460938,0.5289031736657247
35,35.0,sgd,mse,relu,relu,1.0,10.0,4.0,2.0,1.0,0.0,6484385595392.0,6484385595392.0,1634295.375,100.0,0.0,2546445.75,195.98910522460938,0.5289031736657247
36,36.0,sgd,mse,relu,relu,1.0,10.0,4.0,2.0,2.0,0.0,6484385595392.0,6484385595392.0,1634295.375,100.0,0.0,2546445.75,195.98910522460938,0.5289031736657247
37,37.0,sgd,mse,relu,relu,1.0,10.0,4.0,2.0,4.0,0.0,6484385595392.0,6484385595392.0,1634295.375,100.0,0.0,2546445.75,195.98910522460938,0.5289031736657247
38,38.0,sgd,mse,relu,relu,1.0,10.0,4.0,2.0,7.0,0.0,6484385595392.0,6484385595392.0,1634295.375,100.0,0.0,2546445.75,195.98910522460938,0.5289031736657247
39,39.0,sgd,mse,relu,relu,1.0,10.0,4.0,2.0,10.0,0.0,6484385595392.0,6484385595392.0,1634295.375,100.0,0.0,2546445.75,195.98910522460938,0.5289031736657247
40,40.0,sgd,mse,relu,relu,1.0,10.0,7.0,2.0,1.0,0.0,6484385595392.0,6484385595392.0,1634295.375,100.0,0.0,2546445.75,195.98910522460938,0.5289031736657247
41,41.0,sgd,mse,relu,relu,1.0,10.0,7.0,2.0,2.0,0.0,6484385595392.0,6484385595392.0,1634295.375,100.0,0.0,2546445.75,195.98910522460938,0.5289031736657247
42,42.0,sgd,mse,relu,relu,1.0,10.0,7.0,2.0,4.0,0.0,6484385595392.0,6484385595392.0,1634295.375,100.0,0.0,2546445.75,195.98910522460938,0.5289031736657247
43,43.0,sgd,mse,relu,relu,1.0,10.0,7.0,2.0,7.0,0.0,6484385595392.0,6484385595392.0,1634295.375,100.0,0.0,2546445.75,195.98910522460938,0.5289031736657247
44,44.0,sgd,mse,relu,relu,1.0,10.0,7.0,2.0,10.0,0.0,6484385595392.0,6484385595392.0,1634295.375,100.0,0.0,2546445.75,195.98910522460938,0.5289031736657247
45,45.0,sgd,mse,relu,relu,1.0,10.0,10.0,2.0,1.0,0.0,6484385595392.0,6484385595392.0,1634295.375,100.0,0.0,2546445.75,195.98910522460938,0.5289031736657247
46,46.0,sgd,mse,relu,relu,1.0,10.0,10.0,2.0,2.0,0.0,6484385595392.0,6484385595392.0,1634295.375,100.0,0.0,2546445.75,195.98910522460938,0.5289031736657247
47,47.0,sgd,mse,relu,relu,1.0,10.0,10.0,2.0,4.0,0.0,6484385595392.0,6484385595392.0,1634295.375,100.0,0.0,2546445.75,195.98910522460938,0.5289031736657247
48,48.0,sgd,mse,relu,relu,1.0,10.0,10.0,2.0,7.0,0.0,6484385595392.0,6484385595392.0,1634295.375,100.0,0.0,2546445.75,195.98910522460938,0.5289031736657247
49,49.0,sgd,mse,relu,relu,1.0,10.0,10.0,2.0,10.0,0.0,6484385595392.0,6484385595392.0,1634295.375,100.0,0.0,2546445.75,195.98910522460938,0.5289031736657247
50,50.0,sgd,mse,relu,relu,1.0,32.0,1.0,2.0,1.0,0.0,6484385595392.0,6484385595392.0,1634295.375,100.0,0.0,2546445.75,195.98910522460938,0.5289031736657247
51,51.0,sgd,mse,relu,relu,1.0,32.0,1.0,2.0,2.0,0.0,6484385595392.0,6484385595392.0,1634295.375,100.0,0.0,2546445.75,195.98910522460938,0.5289031736657247
52,52.0,sgd,mse,relu,relu,1.0,32.0,1.0,2.0,4.0,0.0,6484385595392.0,6484385595392.0,1634295.375,100.0,0.0,2546445.75,195.98910522460938,0.5289031736657247
53,53.0,sgd,mse,relu,relu,1.0,32.0,1.0,2.0,7.0,0.0,6484385595392.0,6484385595392.0,1634295.375,100.0,0.0,2546445.75,195.98910522460938,0.5289031736657247
54,54.0,sgd,mse,relu,relu,1.0,32.0,1.0,2.0,10.0,0.0,6484385595392.0,6484385595392.0,1634295.375,100.0,0.0,2546445.75,195.98910522460938,0.5289031736657247
55,55.0,sgd,mse,relu,relu,1.0,32.0,2.0,2.0,1.0,0.0,6484385595392.0,6484385595392.0,1634295.375,100.0,0.0,2546445.75,195.98910522460938,0.5289031736657247
56,56.0,sgd,mse,relu,relu,1.0,32.0,2.0,2.0,2.0,0.0,6484385595392.0,6484385595392.0,1634295.375,100.0,0.0,2546445.75,195.98910522460938,0.5289031736657247
57,57.0,sgd,mse,relu,relu,1.0,32.0,2.0,2.0,4.0,0.0,,,,,,,,0.5289031736657247
58,58.0,sgd,mse,relu,relu,1.0,32.0,2.0,2.0,7.0,0.0,6484385595392.0,6484385595392.0,1634295.375,100.0,0.0,2546445.75,195.98910522460938,0.5289031736657247
59,59.0,sgd,mse,relu,relu,1.0,32.0,2.0,2.0,10.0,0.0,6484385595392.0,6484385595392.0,1634295.375,100.0,0.0,2546445.75,195.98910522460938,0.5289031736657247
60,60.0,sgd,mse,relu,relu,1.0,32.0,4.0,2.0,1.0,0.0,6484385595392.0,6484385595392.0,1634295.375,100.0,0.0,2546445.75,195.98910522460938,0.5289031736657247
61,61.0,sgd,mse,relu,relu,1.0,32.0,4.0,2.0,2.0,0.0,6484385595392.0,6484385595392.0,1634295.375,100.0,0.0,2546445.75,195.98910522460938,0.5289031736657247
62,62.0,sgd,mse,relu,relu,1.0,32.0,4.0,2.0,4.0,0.0,6484385595392.0,6484385595392.0,1634295.375,100.0,0.0,2546445.75,195.98910522460938,0.5289031736657247
63,63.0,sgd,mse,relu,relu,1.0,32.0,4.0,2.0,7.0,0.0,6484385595392.0,6484385595392.0,1634295.375,100.0,0.0,2546445.75,195.98910522460938,0.5289031736657247
64,64.0,sgd,mse,relu,relu,1.0,32.0,4.0,2.0,10.0,0.0,,,,,,,,0.5289031736657247
65,65.0,sgd,mse,relu,relu,1.0,32.0,7.0,2.0,1.0,0.0,,,,,,,,0.5289031736657247
66,66.0,sgd,mse,relu,relu,1.0,32.0,7.0,2.0,2.0,0.0,6484385595392.0,6484385595392.0,1634295.375,100.0,0.0,2546445.75,195.98910522460938,0.5289031736657247
67,67.0,sgd,mse,relu,relu,1.0,32.0,7.0,2.0,4.0,0.0,6484385595392.0,6484385595392.0,1634295.375,100.0,0.0,2546445.75,195.98910522460938,0.5289031736657247
68,68.0,sgd,mse,relu,relu,1.0,32.0,7.0,2.0,7.0,0.0,6484385595392.0,6484385595392.0,1634295.375,100.0,0.0,2546445.75,195.98910522460938,0.5289031736657247
69,69.0,sgd,mse,relu,relu,1.0,32.0,7.0,2.0,10.0,0.0,6484385595392.0,6484385595392.0,1634295.375,100.0,0.0,2546445.75,195.98910522460938,0.5289031736657247
70,70.0,sgd,mse,relu,relu,1.0,32.0,10.0,2.0,1.0,0.0,6484385595392.0,6484385595392.0,1634295.375,100.0,0.0,2546445.75,195.98910522460938,0.5289031736657247
71,71.0,sgd,mse,relu,relu,1.0,32.0,10.0,2.0,2.0,0.0,,,,,,,,0.5289031736657247
72,72.0,sgd,mse,relu,relu,1.0,32.0,10.0,2.0,4.0,0.0,6484385595392.0,6484385595392.0,1634295.375,100.0,0.0,2546445.75,195.98910522460938,0.5289031736657247
73,73.0,sgd,mse,relu,relu,1.0,32.0,10.0,2.0,7.0,0.0,6484385595392.0,6484385595392.0,1634295.375,100.0,0.0,2546445.75,195.98910522460938,0.5289031736657247
74,74.0,sgd,mse,relu,relu,1.0,32.0,10.0,2.0,10.0,0.0,6484385595392.0,6484385595392.0,1634295.375,100.0,0.0,2546445.75,195.98910522460938,0.5289031736657247
75,75.0,sgd,mse,relu,relu,1.0,100.0,1.0,2.0,1.0,0.0,6484385595392.0,6484385595392.0,1634295.375,100.0,0.0,2546445.75,195.98910522460938,0.5289031736657247
76,76.0,sgd,mse,relu,relu,1.0,100.0,1.0,2.0,2.0,0.0,6484385595392.0,6484385595392.0,1634295.375,100.0,0.0,2546445.75,195.98910522460938,0.5289031736657247
77,77.0,sgd,mse,relu,relu,1.0,100.0,1.0,2.0,4.0,0.0,6484385595392.0,6484385595392.0,1634295.375,100.0,0.0,2546445.75,195.98910522460938,0.5289031736657247
78,78.0,sgd,mse,relu,relu,1.0,100.0,1.0,2.0,7.0,0.0,6484385595392.0,6484385595392.0,1634295.375,100.0,0.0,2546445.75,195.98910522460938,0.5289031736657247
79,79.0,sgd,mse,relu,relu,1.0,100.0,1.0,2.0,10.0,0.0,6484385595392.0,6484385595392.0,1634295.375,100.0,0.0,2546445.75,195.98910522460938,0.5289031736657247
80,80.0,sgd,mse,relu,relu,1.0,100.0,2.0,2.0,1.0,0.0,6484385595392.0,6484385595392.0,1634295.375,100.0,0.0,2546445.75,195.98910522460938,0.5289031736657247
81,81.0,sgd,mse,relu,relu,1.0,100.0,2.0,2.0,2.0,0.0,6484385595392.0,6484385595392.0,1634295.375,100.0,0.0,2546445.75,195.98910522460938,0.5289031736657247
82,82.0,sgd,mse,relu,relu,1.0,100.0,2.0,2.0,4.0,0.0,6484385595392.0,6484385595392.0,1634295.375,100.0,0.0,2546445.75,195.98910522460938,0.5289031736657247
83,83.0,sgd,mse,relu,relu,1.0,100.0,2.0,2.0,7.0,0.0,6484385595392.0,6484385595392.0,1634295.375,100.0,0.0,2546445.75,195.98910522460938,0.5289031736657247
84,84.0,sgd,mse,relu,relu,1.0,100.0,2.0,2.0,10.0,0.0,6484385595392.0,6484385595392.0,1634295.375,100.0,0.0,2546445.75,195.98910522460938,0.5289031736657247
85,85.0,sgd,mse,relu,relu,1.0,100.0,4.0,2.0,1.0,0.0,6484385595392.0,6484385595392.0,1634295.375,100.0,0.0,2546445.75,195.98910522460938,0.5289031736657247
86,86.0,sgd,mse,relu,relu,1.0,100.0,4.0,2.0,2.0,0.0,6484385595392.0,6484385595392.0,1634295.375,100.0,0.0,2546445.75,195.98910522460938,0.5289031736657247
87,87.0,sgd,mse,relu,relu,1.0,100.0,4.0,2.0,4.0,0.0,6484385595392.0,6484385595392.0,1634295.375,100.0,0.0,2546445.75,195.98910522460938,0.5289031736657247
88,88.0,sgd,mse,relu,relu,1.0,100.0,4.0,2.0,7.0,0.0,6484385595392.0,6484385595392.0,1634295.375,100.0,0.0,2546445.75,195.98910522460938,0.5289031736657247
89,89.0,sgd,mse,relu,relu,1.0,100.0,4.0,2.0,10.0,0.0,6484385595392.0,6484385595392.0,1634295.375,100.0,0.0,2546445.75,195.98910522460938,0.5289031736657247
90,90.0,sgd,mse,relu,relu,1.0,100.0,7.0,2.0,1.0,0.0,6484385595392.0,6484385595392.0,1634295.375,100.0,0.0,2546445.75,195.98910522460938,0.5289031736657247
91,91.0,sgd,mse,relu,relu,1.0,100.0,7.0,2.0,2.0,0.0,6484385595392.0,6484385595392.0,1634295.375,100.0,0.0,2546445.75,195.98910522460938,0.5289031736657247
92,92.0,sgd,mse,relu,relu,1.0,100.0,7.0,2.0,4.0,0.0,6484385595392.0,6484385595392.0,1634295.375,100.0,0.0,2546445.75,195.98910522460938,0.5289031736657247
93,93.0,sgd,mse,relu,relu,1.0,100.0,7.0,2.0,7.0,0.0,6484385595392.0,6484385595392.0,1634295.375,100.0,0.0,2546445.75,195.98910522460938,0.5289031736657247
94,94.0,sgd,mse,relu,relu,1.0,100.0,7.0,2.0,10.0,0.0,,,,,,,,0.5289031736657247
95,95.0,sgd,mse,relu,relu,1.0,100.0,10.0,2.0,1.0,0.0,6484385595392.0,6484385595392.0,1634295.375,100.0,0.0,2546445.75,195.98910522460938,0.5289031736657247
96,96.0,sgd,mse,relu,relu,1.0,100.0,10.0,2.0,2.0,0.0,6484385595392.0,6484385595392.0,1634295.375,100.0,0.0,2546445.75,195.98910522460938,0.5289031736657247
97,97.0,sgd,mse,relu,relu,1.0,100.0,10.0,2.0,4.0,0.0,,,,,,,,0.5289031736657247
98,98.0,sgd,mse,relu,relu,1.0,100.0,10.0,2.0,7.0,0.0,6484385595392.0,6484385595392.0,1634295.375,100.0,0.0,2546445.75,195.98910522460938,0.5289031736657247
99,99.0,sgd,mse,relu,relu,1.0,100.0,10.0,2.0,10.0,0.0,6484385595392.0,6484385595392.0,1634295.375,100.0,0.0,2546445.75,195.98910522460938,0.5289031736657247
100,100.0,sgd,mse,relu,relu,10.0,1.0,1.0,2.0,1.0,0.0,6484385595392.0,6484385595392.0,1634295.375,100.0,0.0,2546445.75,195.98910522460938,0.5289031736657247
101,101.0,sgd,mse,relu,relu,10.0,1.0,1.0,2.0,2.0,0.0,6484385595392.0,6484385595392.0,1634295.375,100.0,0.0,2546445.75,195.98910522460938,0.5289031736657247
102,102.0,sgd,mse,relu,relu,10.0,1.0,1.0,2.0,4.0,0.0,6484385595392.0,6484385595392.0,1634295.375,100.0,0.0,2546445.75,195.98910522460938,0.5289031736657247
103,103.0,sgd,mse,relu,relu,10.0,1.0,1.0,2.0,7.0,0.0,6484385595392.0,6484385595392.0,1634295.375,100.0,0.0,2546445.75,195.98910522460938,0.5289031736657247
104,104.0,sgd,mse,relu,relu,10.0,1.0,1.0,2.0,10.0,0.0,6484385595392.0,6484385595392.0,1634295.375,100.0,0.0,2546445.75,195.98910522460938,0.5289031736657247
105,105.0,sgd,mse,relu,relu,10.0,1.0,2.0,2.0,1.0,0.0,6484385595392.0,6484385595392.0,1634295.375,100.0,0.0,2546445.75,195.98910522460938,0.5289031736657247
106,106.0,sgd,mse,relu,relu,10.0,1.0,2.0,2.0,2.0,0.0,6484385595392.0,6484385595392.0,1634295.375,100.0,0.0,2546445.75,195.98910522460938,0.5289031736657247
107,107.0,sgd,mse,relu,relu,10.0,1.0,2.0,2.0,4.0,0.0,6484385595392.0,6484385595392.0,1634295.375,100.0,0.0,2546445.75,195.98910522460938,0.5289031736657247
108,108.0,sgd,mse,relu,relu,10.0,1.0,2.0,2.0,7.0,0.0,6484385595392.0,6484385595392.0,1634295.375,100.0,0.0,2546445.75,195.98910522460938,0.5289031736657247
109,109.0,sgd,mse,relu,relu,10.0,1.0,2.0,2.0,10.0,0.0,6484385595392.0,6484385595392.0,1634295.375,100.0,0.0,2546445.75,195.98910522460938,0.5289031736657247
110,110.0,sgd,mse,relu,relu,10.0,1.0,4.0,2.0,1.0,0.0,6484385595392.0,6484385595392.0,1634295.375,100.0,0.0,2546445.75,195.98910522460938,0.5289031736657247
111,111.0,sgd,mse,relu,relu,10.0,1.0,4.0,2.0,2.0,0.0,6484385595392.0,6484385595392.0,1634295.375,100.0,0.0,2546445.75,195.98910522460938,0.5289031736657247
112,112.0,sgd,mse,relu,relu,10.0,1.0,4.0,2.0,4.0,0.0,6484385595392.0,6484385595392.0,1634295.375,100.0,0.0,2546445.75,195.98910522460938,0.5289031736657247
113,113.0,sgd,mse,relu,relu,10.0,1.0,4.0,2.0,7.0,0.0,6484385595392.0,6484385595392.0,1634295.375,100.0,0.0,2546445.75,195.98910522460938,0.5289031736657247
114,114.0,sgd,mse,relu,relu,10.0,1.0,4.0,2.0,10.0,0.0,6484385595392.0,6484385595392.0,1634295.375,100.0,0.0,2546445.75,195.98910522460938,0.5289031736657247
115,115.0,sgd,mse,relu,relu,10.0,1.0,7.0,2.0,1.0,0.0,6484385595392.0,6484385595392.0,1634295.375,100.0,0.0,2546445.75,195.98910522460938,0.5289031736657247
116,116.0,sgd,mse,relu,relu,10.0,1.0,7.0,2.0,2.0,0.0,6484385595392.0,6484385595392.0,1634295.375,100.0,0.0,2546445.75,195.98910522460938,0.5289031736657247
117,117.0,sgd,mse,relu,relu,10.0,1.0,7.0,2.0,4.0,0.0,6484385595392.0,6484385595392.0,1634295.375,100.0,0.0,2546445.75,195.98910522460938,0.5289031736657247
118,118.0,sgd,mse,relu,relu,10.0,1.0,7.0,2.0,7.0,0.0,6484385595392.0,6484385595392.0,1634295.375,100.0,0.0,2546445.75,195.98910522460938,0.5289031736657247
119,119.0,sgd,mse,relu,relu,10.0,1.0,7.0,2.0,10.0,0.0,6484385595392.0,6484385595392.0,1634295.375,100.0,0.0,2546445.75,195.98910522460938,0.5289031736657247
120,120.0,sgd,mse,relu,relu,10.0,1.0,10.0,2.0,1.0,0.0,6484385595392.0,6484385595392.0,1634295.375,100.0,0.0,2546445.75,195.98910522460938,0.5289031736657247
121,121.0,sgd,mse,relu,relu,10.0,1.0,10.0,2.0,2.0,0.0,6484385595392.0,6484385595392.0,1634295.375,100.0,0.0,2546445.75,195.98910522460938,0.5289031736657247
122,122.0,sgd,mse,relu,relu,10.0,1.0,10.0,2.0,4.0,0.0,6484385595392.0,6484385595392.0,1634295.375,100.0,0.0,2546445.75,195.98910522460938,0.5289031736657247
123,123.0,sgd,mse,relu,relu,10.0,1.0,10.0,2.0,7.0,0.0,6484385595392.0,6484385595392.0,1634295.375,100.0,0.0,2546445.75,195.98910522460938,0.5289031736657247
124,124.0,sgd,mse,relu,relu,10.0,1.0,10.0,2.0,10.0,0.0,6484385595392.0,6484385595392.0,1634295.375,100.0,0.0,2546445.75,195.98910522460938,0.5289031736657247
125,125.0,sgd,mse,relu,relu,10.0,10.0,1.0,2.0,1.0,0.0,6484385595392.0,6484385595392.0,1634295.375,100.0,0.0,2546445.75,195.98910522460938,0.5289031736657247
126,126.0,sgd,mse,relu,relu,10.0,10.0,1.0,2.0,2.0,0.0,6484385595392.0,6484385595392.0,1634295.375,100.0,0.0,2546445.75,195.98910522460938,0.5289031736657247
127,127.0,sgd,mse,relu,relu,10.0,10.0,1.0,2.0,4.0,0.0,,,,,,,,0.5289031736657247
128,128.0,sgd,mse,relu,relu,10.0,10.0,1.0,2.0,7.0,0.0,6484385595392.0,6484385595392.0,1634295.375,100.0,0.0,2546445.75,195.98910522460938,0.5289031736657247
129,129.0,sgd,mse,relu,relu,10.0,10.0,1.0,2.0,10.0,0.0,6484385595392.0,6484385595392.0,1634295.375,100.0,0.0,2546445.75,195.98910522460938,0.5289031736657247
130,130.0,sgd,mse,relu,relu,10.0,10.0,2.0,2.0,1.0,0.0,6484385595392.0,6484385595392.0,1634295.375,100.0,0.0,2546445.75,195.98910522460938,0.5289031736657247
131,131.0,sgd,mse,relu,relu,10.0,10.0,2.0,2.0,2.0,0.0,6484385595392.0,6484385595392.0,1634295.375,100.0,0.0,2546445.75,195.98910522460938,0.5289031736657247
132,132.0,sgd,mse,relu,relu,10.0,10.0,2.0,2.0,4.0,0.0,6484385595392.0,6484385595392.0,1634295.375,100.0,0.0,2546445.75,195.98910522460938,0.5289031736657247
133,133.0,sgd,mse,relu,relu,10.0,10.0,2.0,2.0,7.0,0.0,,,,,,,,0.5289031736657247
134,134.0,sgd,mse,relu,relu,10.0,10.0,2.0,2.0,10.0,0.0,6484385595392.0,6484385595392.0,1634295.375,100.0,0.0,2546445.75,195.98910522460938,0.5289031736657247
135,135.0,sgd,mse,relu,relu,10.0,10.0,4.0,2.0,1.0,0.0,6484385595392.0,6484385595392.0,1634295.375,100.0,0.0,2546445.75,195.98910522460938,0.5289031736657247
136,136.0,sgd,mse,relu,relu,10.0,10.0,4.0,2.0,2.0,0.0,6484385595392.0,6484385595392.0,1634295.375,100.0,0.0,2546445.75,195.98910522460938,0.5289031736657247
137,137.0,sgd,mse,relu,relu,10.0,10.0,4.0,2.0,4.0,0.0,,,,,,,,0.5289031736657247
138,138.0,sgd,mse,relu,relu,10.0,10.0,4.0,2.0,7.0,0.0,6484385595392.0,6484385595392.0,1634295.375,100.0,0.0,2546445.75,195.98910522460938,0.5289031736657247
139,139.0,sgd,mse,relu,relu,10.0,10.0,4.0,2.0,10.0,0.0,6484385595392.0,6484385595392.0,1634295.375,100.0,0.0,2546445.75,195.98910522460938,0.5289031736657247
140,140.0,sgd,mse,relu,relu,10.0,10.0,7.0,2.0,1.0,0.0,6484385595392.0,6484385595392.0,1634295.375,100.0,0.0,2546445.75,195.98910522460938,0.5289031736657247
141,141.0,sgd,mse,relu,relu,10.0,10.0,7.0,2.0,2.0,0.0,6484385595392.0,6484385595392.0,1634295.375,100.0,0.0,2546445.75,195.98910522460938,0.5289031736657247
142,142.0,sgd,mse,relu,relu,10.0,10.0,7.0,2.0,4.0,0.0,6484385595392.0,6484385595392.0,1634295.375,100.0,0.0,2546445.75,195.98910522460938,0.5289031736657247
143,143.0,sgd,mse,relu,relu,10.0,10.0,7.0,2.0,7.0,0.0,6484385595392.0,6484385595392.0,1634295.375,100.0,0.0,2546445.75,195.98910522460938,0.5289031736657247
144,144.0,sgd,mse,relu,relu,10.0,10.0,7.0,2.0,10.0,0.0,6484385595392.0,6484385595392.0,1634295.375,100.0,0.0,2546445.75,195.98910522460938,0.5289031736657247
145,145.0,sgd,mse,relu,relu,10.0,10.0,10.0,2.0,1.0,0.0,6484385595392.0,6484385595392.0,1634295.375,100.0,0.0,2546445.75,195.98910522460938,0.5289031736657247
146,146.0,sgd,mse,relu,relu,10.0,10.0,10.0,2.0,2.0,0.0,6484385595392.0,6484385595392.0,1634295.375,100.0,0.0,2546445.75,195.98910522460938,0.5289031736657247
147,147.0,sgd,mse,relu,relu,10.0,10.0,10.0,2.0,4.0,0.0,6484385595392.0,6484385595392.0,1634295.375,100.0,0.0,2546445.75,195.98910522460938,0.5289031736657247
148,148.0,sgd,mse,relu,relu,10.0,10.0,10.0,2.0,7.0,0.0,6484385595392.0,6484385595392.0,1634295.375,100.0,0.0,2546445.75,195.98910522460938,0.5289031736657247
149,149.0,sgd,mse,relu,relu,10.0,10.0,10.0,2.0,10.0,0.0,6484385595392.0,6484385595392.0,1634295.375,100.0,0.0,2546445.75,195.98910522460938,0.5289031736657247
150,150.0,sgd,mse,relu,relu,10.0,32.0,1.0,2.0,1.0,0.0,6484385595392.0,6484385595392.0,1634295.375,100.0,0.0,2546445.75,195.98910522460938,0.5289031736657247
151,151.0,sgd,mse,relu,relu,10.0,32.0,1.0,2.0,2.0,0.0,6484385595392.0,6484385595392.0,1634295.375,100.0,0.0,2546445.75,195.98910522460938,0.5289031736657247
152,152.0,sgd,mse,relu,relu,10.0,32.0,1.0,2.0,4.0,0.0,6484385595392.0,6484385595392.0,1634295.375,100.0,0.0,2546445.75,195.98910522460938,0.5289031736657247
153,153.0,sgd,mse,relu,relu,10.0,32.0,1.0,2.0,7.0,0.0,6484385595392.0,6484385595392.0,1634295.375,100.0,0.0,2546445.75,195.98910522460938,0.5289031736657247
154,154.0,sgd,mse,relu,relu,10.0,32.0,1.0,2.0,10.0,0.0,,,,,,,,0.5289031736657247
155,155.0,sgd,mse,relu,relu,10.0,32.0,2.0,2.0,1.0,0.0,6484385595392.0,6484385595392.0,1634295.375,100.0,0.0,2546445.75,195.98910522460938,0.5289031736657247
156,156.0,sgd,mse,relu,relu,10.0,32.0,2.0,2.0,2.0,0.0,6484385595392.0,6484385595392.0,1634295.375,100.0,0.0,2546445.75,195.98910522460938,0.5289031736657247
157,157.0,sgd,mse,relu,relu,10.0,32.0,2.0,2.0,4.0,0.0,6484385595392.0,6484385595392.0,1634295.375,100.0,0.0,2546445.75,195.98910522460938,0.5289031736657247
158,158.0,sgd,mse,relu,relu,10.0,32.0,2.0,2.0,7.0,0.0,6484385595392.0,6484385595392.0,1634295.375,100.0,0.0,2546445.75,195.98910522460938,0.5289031736657247
159,159.0,sgd,mse,relu,relu,10.0,32.0,2.0,2.0,10.0,0.0,6484385595392.0,6484385595392.0,1634295.375,100.0,0.0,2546445.75,195.98910522460938,0.5289031736657247
160,160.0,sgd,mse,relu,relu,10.0,32.0,4.0,2.0,1.0,0.0,6484385595392.0,6484385595392.0,1634295.375,100.0,0.0,2546445.75,195.98910522460938,0.5289031736657247
161,161.0,sgd,mse,relu,relu,10.0,32.0,4.0,2.0,2.0,0.0,6484385595392.0,6484385595392.0,1634295.375,100.0,0.0,2546445.75,195.98910522460938,0.5289031736657247
162,162.0,sgd,mse,relu,relu,10.0,32.0,4.0,2.0,4.0,0.0,,,,,,,,0.5289031736657247
163,163.0,sgd,mse,relu,relu,10.0,32.0,4.0,2.0,7.0,0.0,6484385595392.0,6484385595392.0,1634295.375,100.0,0.0,2546445.75,195.98910522460938,0.5289031736657247
164,164.0,sgd,mse,relu,relu,10.0,32.0,4.0,2.0,10.0,0.0,6484385595392.0,6484385595392.0,1634295.375,100.0,0.0,2546445.75,195.98910522460938,0.5289031736657247
165,165.0,sgd,mse,relu,relu,10.0,32.0,7.0,2.0,1.0,0.0,6484385595392.0,6484385595392.0,1634295.375,100.0,0.0,2546445.75,195.98910522460938,0.5289031736657247
166,166.0,sgd,mse,relu,relu,10.0,32.0,7.0,2.0,2.0,0.0,6484385595392.0,6484385595392.0,1634295.375,100.0,0.0,2546445.75,195.98910522460938,0.5289031736657247
167,167.0,sgd,mse,relu,relu,10.0,32.0,7.0,2.0,4.0,0.0,,,,,,,,0.5289031736657247
168,168.0,sgd,mse,relu,relu,10.0,32.0,7.0,2.0,7.0,0.0,6484385595392.0,6484385595392.0,1634295.375,100.0,0.0,2546445.75,195.98910522460938,0.5289031736657247
169,169.0,sgd,mse,relu,relu,10.0,32.0,7.0,2.0,10.0,0.0,6484385595392.0,6484385595392.0,1634295.375,100.0,0.0,2546445.75,195.98910522460938,0.5289031736657247
170,170.0,sgd,mse,relu,relu,10.0,32.0,10.0,2.0,1.0,0.0,6484385595392.0,6484385595392.0,1634295.375,100.0,0.0,2546445.75,195.98910522460938,0.5289031736657247
171,171.0,sgd,mse,relu,relu,10.0,32.0,10.0,2.0,2.0,0.0,6484385595392.0,6484385595392.0,1634295.375,100.0,0.0,2546445.75,195.98910522460938,0.5289031736657247
172,172.0,sgd,mse,relu,relu,10.0,32.0,10.0,2.0,4.0,0.0,6484385595392.0,6484385595392.0,1634295.375,100.0,0.0,2546445.75,195.98910522460938,0.5289031736657247
173,173.0,sgd,mse,relu,relu,10.0,32.0,10.0,2.0,7.0,0.0,6484385595392.0,6484385595392.0,1634295.375,100.0,0.0,2546445.75,195.98910522460938,0.5289031736657247
174,174.0,sgd,mse,relu,relu,10.0,32.0,10.0,2.0,10.0,0.0,6484385595392.0,6484385595392.0,1634295.375,100.0,0.0,2546445.75,195.98910522460938,0.5289031736657247
175,175.0,sgd,mse,relu,relu,10.0,100.0,1.0,2.0,1.0,0.0,6484385595392.0,6484385595392.0,1634295.375,100.0,0.0,2546445.75,195.98910522460938,0.5289031736657247
176,176.0,sgd,mse,relu,relu,10.0,100.0,1.0,2.0,2.0,0.0,6484385595392.0,6484385595392.0,1634295.375,100.0,0.0,2546445.75,195.98910522460938,0.5289031736657247
177,177.0,sgd,mse,relu,relu,10.0,100.0,1.0,2.0,4.0,0.0,6484385595392.0,6484385595392.0,1634295.375,100.0,0.0,2546445.75,195.98910522460938,0.5289031736657247
178,178.0,sgd,mse,relu,relu,10.0,100.0,1.0,2.0,7.0,0.0,6484385595392.0,6484385595392.0,1634295.375,100.0,0.0,2546445.75,195.98910522460938,0.5289031736657247
179,179.0,sgd,mse,relu,relu,10.0,100.0,1.0,2.0,10.0,0.0,6484385595392.0,6484385595392.0,1634295.375,100.0,0.0,2546445.75,195.98910522460938,0.5289031736657247
180,180.0,sgd,mse,relu,relu,10.0,100.0,2.0,2.0,1.0,0.0,6484385595392.0,6484385595392.0,1634295.375,100.0,0.0,2546445.75,195.98910522460938,0.5289031736657247
181,181.0,sgd,mse,relu,relu,10.0,100.0,2.0,2.0,2.0,0.0,6484385595392.0,6484385595392.0,1634295.375,100.0,0.0,2546445.75,195.98910522460938,0.5289031736657247
182,182.0,sgd,mse,relu,relu,10.0,100.0,2.0,2.0,4.0,0.0,6484385595392.0,6484385595392.0,1634295.375,100.0,0.0,2546445.75,195.98910522460938,0.5289031736657247
183,183.0,sgd,mse,relu,relu,10.0,100.0,2.0,2.0,7.0,0.0,6484385595392.0,6484385595392.0,1634295.375,100.0,0.0,2546445.75,195.98910522460938,0.5289031736657247
184,184.0,sgd,mse,relu,relu,10.0,100.0,2.0,2.0,10.0,0.0,6484385595392.0,6484385595392.0,1634295.375,100.0,0.0,2546445.75,195.98910522460938,0.5289031736657247
185,185.0,sgd,mse,relu,relu,10.0,100.0,4.0,2.0,1.0,0.0,6484385595392.0,6484385595392.0,1634295.375,100.0,0.0,2546445.75,195.98910522460938,0.5289031736657247
186,186.0,sgd,mse,relu,relu,10.0,100.0,4.0,2.0,2.0,0.0,6484385595392.0,6484385595392.0,1634295.375,100.0,0.0,2546445.75,195.98910522460938,0.5289031736657247
187,187.0,sgd,mse,relu,relu,10.0,100.0,4.0,2.0,4.0,0.0,6484385595392.0,6484385595392.0,1634295.375,100.0,0.0,2546445.75,195.98910522460938,0.5289031736657247
188,188.0,sgd,mse,relu,relu,10.0,100.0,4.0,2.0,7.0,0.0,6484385595392.0,6484385595392.0,1634295.375,100.0,0.0,2546445.75,195.98910522460938,0.5289031736657247
189,189.0,sgd,mse,relu,relu,10.0,100.0,4.0,2.0,10.0,0.0,6484385595392.0,6484385595392.0,1634295.375,100.0,0.0,2546445.75,195.98910522460938,0.5289031736657247
190,190.0,sgd,mse,relu,relu,10.0,100.0,7.0,2.0,1.0,0.0,6484385595392.0,6484385595392.0,1634295.375,100.0,0.0,2546445.75,195.98910522460938,0.5289031736657247
191,191.0,sgd,mse,relu,relu,10.0,100.0,7.0,2.0,2.0,0.0,6484385595392.0,6484385595392.0,1634295.375,100.0,0.0,2546445.75,195.98910522460938,0.5289031736657247
192,192.0,sgd,mse,relu,relu,10.0,100.0,7.0,2.0,4.0,0.0,6484385595392.0,6484385595392.0,1634295.375,100.0,0.0,2546445.75,195.98910522460938,0.5289031736657247
193,193.0,sgd,mse,relu,relu,10.0,100.0,7.0,2.0,7.0,0.0,6484385595392.0,6484385595392.0,1634295.375,100.0,0.0,2546445.75,195.98910522460938,0.5289031736657247
194,194.0,sgd,mse,relu,relu,10.0,100.0,7.0,2.0,10.0,0.0,6484385595392.0,6484385595392.0,1634295.375,100.0,0.0,2546445.75,195.98910522460938,0.5289031736657247
195,195.0,sgd,mse,relu,relu,10.0,100.0,10.0,2.0,1.0,0.0,6484385595392.0,6484385595392.0,1634295.375,100.0,0.0,2546445.75,195.98910522460938,0.5289031736657247
196,196.0,sgd,mse,relu,relu,10.0,100.0,10.0,2.0,2.0,0.0,6484385595392.0,6484385595392.0,1634295.375,100.0,0.0,2546445.75,195.98910522460938,0.5289031736657247
197,197.0,sgd,mse,relu,relu,10.0,100.0,10.0,2.0,4.0,0.0,,,,,,,,0.5289031736657247
198,198.0,sgd,mse,relu,relu,10.0,100.0,10.0,2.0,7.0,0.0,,,,,,,,0.5289031736657247
199,199.0,sgd,mse,relu,relu,10.0,100.0,10.0,2.0,10.0,0.0,6484385595392.0,6484385595392.0,1634295.375,100.0,0.0,2546445.75,195.98910522460938,0.5289031736657247
200,200.0,sgd,mse,relu,relu,100.0,1.0,1.0,2.0,1.0,0.0,6484385595392.0,6484385595392.0,1634295.375,100.0,0.0,2546445.75,195.98910522460938,0.5289031736657247
201,201.0,sgd,mse,relu,relu,100.0,1.0,1.0,2.0,2.0,0.0,6484385595392.0,6484385595392.0,1634295.375,100.0,0.0,2546445.75,195.98910522460938,0.5289031736657247
202,202.0,sgd,mse,relu,relu,100.0,1.0,1.0,2.0,4.0,0.0,6484385595392.0,6484385595392.0,1634295.375,100.0,0.0,2546445.75,195.98910522460938,0.5289031736657247
203,203.0,sgd,mse,relu,relu,100.0,1.0,1.0,2.0,7.0,0.0,6484385595392.0,6484385595392.0,1634295.375,100.0,0.0,2546445.75,195.98910522460938,0.5289031736657247
204,204.0,sgd,mse,relu,relu,100.0,1.0,1.0,2.0,10.0,0.0,6484385595392.0,6484385595392.0,1634295.375,100.0,0.0,2546445.75,195.98910522460938,0.5289031736657247
205,205.0,sgd,mse,relu,relu,100.0,1.0,2.0,2.0,1.0,0.0,6484385595392.0,6484385595392.0,1634295.375,100.0,0.0,2546445.75,195.98910522460938,0.5289031736657247
206,206.0,sgd,mse,relu,relu,100.0,1.0,2.0,2.0,2.0,0.0,6484385595392.0,6484385595392.0,1634295.375,100.0,0.0,2546445.75,195.98910522460938,0.5289031736657247
207,207.0,sgd,mse,relu,relu,100.0,1.0,2.0,2.0,4.0,0.0,,,,,,,,0.5289031736657247
208,208.0,sgd,mse,relu,relu,100.0,1.0,2.0,2.0,7.0,0.0,6484385595392.0,6484385595392.0,1634295.375,100.0,0.0,2546445.75,195.98910522460938,0.5289031736657247
209,209.0,sgd,mse,relu,relu,100.0,1.0,2.0,2.0,10.0,0.0,6484385595392.0,6484385595392.0,1634295.375,100.0,0.0,2546445.75,195.98910522460938,0.5289031736657247
210,210.0,sgd,mse,relu,relu,100.0,1.0,4.0,2.0,1.0,0.0,6484385595392.0,6484385595392.0,1634295.375,100.0,0.0,2546445.75,195.98910522460938,0.5289031736657247
211,211.0,sgd,mse,relu,relu,100.0,1.0,4.0,2.0,2.0,0.0,6484385595392.0,6484385595392.0,1634295.375,100.0,0.0,2546445.75,195.98910522460938,0.5289031736657247
212,212.0,sgd,mse,relu,relu,100.0,1.0,4.0,2.0,4.0,0.0,6484385595392.0,6484385595392.0,1634295.375,100.0,0.0,2546445.75,195.98910522460938,0.5289031736657247
213,213.0,sgd,mse,relu,relu,100.0,1.0,4.0,2.0,7.0,0.0,6484385595392.0,6484385595392.0,1634295.375,100.0,0.0,2546445.75,195.98910522460938,0.5289031736657247
214,214.0,sgd,mse,relu,relu,100.0,1.0,4.0,2.0,10.0,0.0,6484385595392.0,6484385595392.0,1634295.375,100.0,0.0,2546445.75,195.98910522460938,0.5289031736657247
215,215.0,sgd,mse,relu,relu,100.0,1.0,7.0,2.0,1.0,0.0,6484385595392.0,6484385595392.0,1634295.375,100.0,0.0,2546445.75,195.98910522460938,0.5289031736657247
216,216.0,sgd,mse,relu,relu,100.0,1.0,7.0,2.0,2.0,0.0,6484385595392.0,6484385595392.0,1634295.375,100.0,0.0,2546445.75,195.98910522460938,0.5289031736657247
217,217.0,sgd,mse,relu,relu,100.0,1.0,7.0,2.0,4.0,0.0,6484385595392.0,6484385595392.0,1634295.375,100.0,0.0,2546445.75,195.98910522460938,0.5289031736657247
218,218.0,sgd,mse,relu,relu,100.0,1.0,7.0,2.0,7.0,0.0,6484385595392.0,6484385595392.0,1634295.375,100.0,0.0,2546445.75,195.98910522460938,0.5289031736657247
219,219.0,sgd,mse,relu,relu,100.0,1.0,7.0,2.0,10.0,0.0,6484385595392.0,6484385595392.0,1634295.375,100.0,0.0,2546445.75,195.98910522460938,0.5289031736657247
220,220.0,sgd,mse,relu,relu,100.0,1.0,10.0,2.0,1.0,0.0,,,,,,,,0.5289031736657247
221,221.0,sgd,mse,relu,relu,100.0,1.0,10.0,2.0,2.0,0.0,6484385595392.0,6484385595392.0,1634295.375,100.0,0.0,2546445.75,195.98910522460938,0.5289031736657247
222,222.0,sgd,mse,relu,relu,100.0,1.0,10.0,2.0,4.0,0.0,6484385595392.0,6484385595392.0,1634295.375,100.0,0.0,2546445.75,195.98910522460938,0.5289031736657247
223,223.0,sgd,mse,relu,relu,100.0,1.0,10.0,2.0,7.0,0.0,6484385595392.0,6484385595392.0,1634295.375,100.0,0.0,2546445.75,195.98910522460938,0.5289031736657247
224,224.0,sgd,mse,relu,relu,100.0,1.0,10.0,2.0,10.0,0.0,6484385595392.0,6484385595392.0,1634295.375,100.0,0.0,2546445.75,195.98910522460938,0.5289031736657247
225,225.0,sgd,mse,relu,relu,100.0,10.0,1.0,2.0,1.0,0.0,6484385595392.0,6484385595392.0,1634295.375,100.0,0.0,2546445.75,195.98910522460938,0.5289031736657247
226,226.0,sgd,mse,relu,relu,100.0,10.0,1.0,2.0,2.0,0.0,6484385595392.0,6484385595392.0,1634295.375,100.0,0.0,2546445.75,195.98910522460938,0.5289031736657247
227,227.0,sgd,mse,relu,relu,100.0,10.0,1.0,2.0,4.0,0.0,6484385595392.0,6484385595392.0,1634295.375,100.0,0.0,2546445.75,195.98910522460938,0.5289031736657247
228,228.0,sgd,mse,relu,relu,100.0,10.0,1.0,2.0,7.0,0.0,6484385595392.0,6484385595392.0,1634295.375,100.0,0.0,2546445.75,195.98910522460938,0.5289031736657247
229,229.0,sgd,mse,relu,relu,100.0,10.0,1.0,2.0,10.0,0.0,6484385595392.0,6484385595392.0,1634295.375,100.0,0.0,2546445.75,195.98910522460938,0.5289031736657247
230,230.0,sgd,mse,relu,relu,100.0,10.0,2.0,2.0,1.0,0.0,6484385595392.0,6484385595392.0,1634295.375,100.0,0.0,2546445.75,195.98910522460938,0.5289031736657247
231,231.0,sgd,mse,relu,relu,100.0,10.0,2.0,2.0,2.0,0.0,6484385595392.0,6484385595392.0,1634295.375,100.0,0.0,2546445.75,195.98910522460938,0.5289031736657247
232,232.0,sgd,mse,relu,relu,100.0,10.0,2.0,2.0,4.0,0.0,6484385595392.0,6484385595392.0,1634295.375,100.0,0.0,2546445.75,195.98910522460938,0.5289031736657247
233,233.0,sgd,mse,relu,relu,100.0,10.0,2.0,2.0,7.0,0.0,,,,,,,,0.5289031736657247
234,234.0,sgd,mse,relu,relu,100.0,10.0,2.0,2.0,10.0,0.0,6484385595392.0,6484385595392.0,1634295.375,100.0,0.0,2546445.75,195.98910522460938,0.5289031736657247
235,235.0,sgd,mse,relu,relu,100.0,10.0,4.0,2.0,1.0,0.0,6484385595392.0,6484385595392.0,1634295.375,100.0,0.0,2546445.75,195.98910522460938,0.5289031736657247
236,236.0,sgd,mse,relu,relu,100.0,10.0,4.0,2.0,2.0,0.0,6484385595392.0,6484385595392.0,1634295.375,100.0,0.0,2546445.75,195.98910522460938,0.5289031736657247
237,237.0,sgd,mse,relu,relu,100.0,10.0,4.0,2.0,4.0,0.0,,,,,,,,0.5289031736657247
238,238.0,sgd,mse,relu,relu,100.0,10.0,4.0,2.0,7.0,0.0,6484385595392.0,6484385595392.0,1634295.375,100.0,0.0,2546445.75,195.98910522460938,0.5289031736657247
239,239.0,sgd,mse,relu,relu,100.0,10.0,4.0,2.0,10.0,0.0,6484385595392.0,6484385595392.0,1634295.375,100.0,0.0,2546445.75,195.98910522460938,0.5289031736657247
240,240.0,sgd,mse,relu,relu,100.0,10.0,7.0,2.0,1.0,0.0,6484385595392.0,6484385595392.0,1634295.375,100.0,0.0,2546445.75,195.98910522460938,0.5289031736657247
241,241.0,sgd,mse,relu,relu,100.0,10.0,7.0,2.0,2.0,0.0,6484385595392.0,6484385595392.0,1634295.375,100.0,0.0,2546445.75,195.98910522460938,0.5289031736657247
242,242.0,sgd,mse,relu,relu,100.0,10.0,7.0,2.0,4.0,0.0,6484385595392.0,6484385595392.0,1634295.375,100.0,0.0,2546445.75,195.98910522460938,0.5289031736657247
243,243.0,sgd,mse,relu,relu,100.0,10.0,7.0,2.0,7.0,0.0,6484385595392.0,6484385595392.0,1634295.375,100.0,0.0,2546445.75,195.98910522460938,0.5289031736657247
244,244.0,sgd,mse,relu,relu,100.0,10.0,7.0,2.0,10.0,0.0,6484385595392.0,6484385595392.0,1634295.375,100.0,0.0,2546445.75,195.98910522460938,0.5289031736657247
245,245.0,sgd,mse,relu,relu,100.0,10.0,10.0,2.0,1.0,0.0,6484385595392.0,6484385595392.0,1634295.375,100.0,0.0,2546445.75,195.98910522460938,0.5289031736657247
246,246.0,sgd,mse,relu,relu,100.0,10.0,10.0,2.0,2.0,0.0,6484385595392.0,6484385595392.0,1634295.375,100.0,0.0,2546445.75,195.98910522460938,0.5289031736657247
247,247.0,sgd,mse,relu,relu,100.0,10.0,10.0,2.0,4.0,0.0,6484385595392.0,6484385595392.0,1634295.375,100.0,0.0,2546445.75,195.98910522460938,0.5289031736657247
248,248.0,sgd,mse,relu,relu,100.0,10.0,10.0,2.0,7.0,0.0,,,,,,,,0.5289031736657247
249,249.0,sgd,mse,relu,relu,100.0,10.0,10.0,2.0,10.0,0.0,6484385595392.0,6484385595392.0,1634295.375,100.0,0.0,2546445.75,195.98910522460938,0.5289031736657247
250,250.0,sgd,mse,relu,relu,100.0,32.0,1.0,2.0,1.0,0.0,6484385595392.0,6484385595392.0,1634295.375,100.0,0.0,2546445.75,195.98910522460938,0.5289031736657247
251,251.0,sgd,mse,relu,relu,100.0,32.0,1.0,2.0,2.0,0.0,6484385595392.0,6484385595392.0,1634295.375,100.0,0.0,2546445.75,195.98910522460938,0.5289031736657247
252,252.0,sgd,mse,relu,relu,100.0,32.0,1.0,2.0,4.0,0.0,6484385595392.0,6484385595392.0,1634295.375,100.0,0.0,2546445.75,195.98910522460938,0.5289031736657247
253,253.0,sgd,mse,relu,relu,100.0,32.0,1.0,2.0,7.0,0.0,6484385595392.0,6484385595392.0,1634295.375,100.0,0.0,2546445.75,195.98910522460938,0.5289031736657247
254,254.0,sgd,mse,relu,relu,100.0,32.0,1.0,2.0,10.0,0.0,6484385595392.0,6484385595392.0,1634295.375,100.0,0.0,2546445.75,195.98910522460938,0.5289031736657247
255,255.0,sgd,mse,relu,relu,100.0,32.0,2.0,2.0,1.0,0.0,6484385595392.0,6484385595392.0,1634295.375,100.0,0.0,2546445.75,195.98910522460938,0.5289031736657247
256,256.0,sgd,mse,relu,relu,100.0,32.0,2.0,2.0,2.0,0.0,6484385595392.0,6484385595392.0,1634295.375,100.0,0.0,2546445.75,195.98910522460938,0.5289031736657247
257,257.0,sgd,mse,relu,relu,100.0,32.0,2.0,2.0,4.0,0.0,6484385595392.0,6484385595392.0,1634295.375,100.0,0.0,2546445.75,195.98910522460938,0.5289031736657247
258,258.0,sgd,mse,relu,relu,100.0,32.0,2.0,2.0,7.0,0.0,6484385595392.0,6484385595392.0,1634295.375,100.0,0.0,2546445.75,195.98910522460938,0.5289031736657247
259,259.0,sgd,mse,relu,relu,100.0,32.0,2.0,2.0,10.0,0.0,,,,,,,,0.5289031736657247
260,260.0,sgd,mse,relu,relu,100.0,32.0,4.0,2.0,1.0,0.0,6484385595392.0,6484385595392.0,1634295.375,100.0,0.0,2546445.75,195.98910522460938,0.5289031736657247
261,261.0,sgd,mse,relu,relu,100.0,32.0,4.0,2.0,2.0,0.0,6484385595392.0,6484385595392.0,1634295.375,100.0,0.0,2546445.75,195.98910522460938,0.5289031736657247
262,262.0,sgd,mse,relu,relu,100.0,32.0,4.0,2.0,4.0,0.0,6484385595392.0,6484385595392.0,1634295.375,100.0,0.0,2546445.75,195.98910522460938,0.5289031736657247
263,263.0,sgd,mse,relu,relu,100.0,32.0,4.0,2.0,7.0,0.0,6484385595392.0,6484385595392.0,1634295.375,100.0,0.0,2546445.75,195.98910522460938,0.5289031736657247
264,264.0,sgd,mse,relu,relu,100.0,32.0,4.0,2.0,10.0,0.0,6484385595392.0,6484385595392.0,1634295.375,100.0,0.0,2546445.75,195.98910522460938,0.5289031736657247
265,265.0,sgd,mse,relu,relu,100.0,32.0,7.0,2.0,1.0,0.0,6484385595392.0,6484385595392.0,1634295.375,100.0,0.0,2546445.75,195.98910522460938,0.5289031736657247
266,266.0,sgd,mse,relu,relu,100.0,32.0,7.0,2.0,2.0,0.0,6484385595392.0,6484385595392.0,1634295.375,100.0,0.0,2546445.75,195.98910522460938,0.5289031736657247
267,267.0,sgd,mse,relu,relu,100.0,32.0,7.0,2.0,4.0,0.0,6484385595392.0,6484385595392.0,1634295.375,100.0,0.0,2546445.75,195.98910522460938,0.5289031736657247
268,268.0,sgd,mse,relu,relu,100.0,32.0,7.0,2.0,7.0,0.0,6484385595392.0,6484385595392.0,1634295.375,100.0,0.0,2546445.75,195.98910522460938,0.5289031736657247
269,269.0,sgd,mse,relu,relu,100.0,32.0,7.0,2.0,10.0,0.0,6484385595392.0,6484385595392.0,1634295.375,100.0,0.0,2546445.75,195.98910522460938,0.5289031736657247
270,270.0,sgd,mse,relu,relu,100.0,32.0,10.0,2.0,1.0,0.0,6484385595392.0,6484385595392.0,1634295.375,100.0,0.0,2546445.75,195.98910522460938,0.5289031736657247
271,271.0,sgd,mse,relu,relu,100.0,32.0,10.0,2.0,2.0,0.0,6484385595392.0,6484385595392.0,1634295.375,100.0,0.0,2546445.75,195.98910522460938,0.5289031736657247
272,272.0,sgd,mse,relu,relu,100.0,32.0,10.0,2.0,4.0,0.0,6484385595392.0,6484385595392.0,1634295.375,100.0,0.0,2546445.75,195.98910522460938,0.5289031736657247
273,273.0,sgd,mse,relu,relu,100.0,32.0,10.0,2.0,7.0,0.0,6484385595392.0,6484385595392.0,1634295.375,100.0,0.0,2546445.75,195.98910522460938,0.5289031736657247
274,274.0,sgd,mse,relu,relu,100.0,32.0,10.0,2.0,10.0,0.0,,,,,,,,0.5289031736657247
275,275.0,sgd,mse,relu,relu,100.0,100.0,1.0,2.0,1.0,0.0,6484385595392.0,6484385595392.0,1634295.375,100.0,0.0,2546445.75,195.98910522460938,0.5289031736657247
276,276.0,sgd,mse,relu,relu,100.0,100.0,1.0,2.0,2.0,0.0,6484385595392.0,6484385595392.0,1634295.375,100.0,0.0,2546445.75,195.98910522460938,0.5289031736657247
277,277.0,sgd,mse,relu,relu,100.0,100.0,1.0,2.0,4.0,0.0,6484385595392.0,6484385595392.0,1634295.375,100.0,0.0,2546445.75,195.98910522460938,0.5289031736657247
278,278.0,sgd,mse,relu,relu,100.0,100.0,1.0,2.0,7.0,0.0,6484385595392.0,6484385595392.0,1634295.375,100.0,0.0,2546445.75,195.98910522460938,0.5289031736657247
279,279.0,sgd,mse,relu,relu,100.0,100.0,1.0,2.0,10.0,0.0,6484385595392.0,6484385595392.0,1634295.375,100.0,0.0,2546445.75,195.98910522460938,0.5289031736657247
280,280.0,sgd,mse,relu,relu,100.0,100.0,2.0,2.0,1.0,0.0,6484385595392.0,6484385595392.0,1634295.375,100.0,0.0,2546445.75,195.98910522460938,0.5289031736657247
281,281.0,sgd,mse,relu,relu,100.0,100.0,2.0,2.0,2.0,0.0,6484385595392.0,6484385595392.0,1634295.375,100.0,0.0,2546445.75,195.98910522460938,0.5289031736657247
282,282.0,sgd,mse,relu,relu,100.0,100.0,2.0,2.0,4.0,0.0,6484385595392.0,6484385595392.0,1634295.375,100.0,0.0,2546445.75,195.98910522460938,0.5289031736657247
283,283.0,sgd,mse,relu,relu,100.0,100.0,2.0,2.0,7.0,0.0,6484385595392.0,6484385595392.0,1634295.375,100.0,0.0,2546445.75,195.98910522460938,0.5289031736657247
284,284.0,sgd,mse,relu,relu,100.0,100.0,2.0,2.0,10.0,0.0,,,,,,,,0.5289031736657247
285,285.0,sgd,mse,relu,relu,100.0,100.0,4.0,2.0,1.0,0.0,6484385595392.0,6484385595392.0,1634295.375,100.0,0.0,2546445.75,195.98910522460938,0.5289031736657247
286,286.0,sgd,mse,relu,relu,100.0,100.0,4.0,2.0,2.0,0.0,6484385595392.0,6484385595392.0,1634295.375,100.0,0.0,2546445.75,195.98910522460938,0.5289031736657247
287,287.0,sgd,mse,relu,relu,100.0,100.0,4.0,2.0,4.0,0.0,6484385595392.0,6484385595392.0,1634295.375,100.0,0.0,2546445.75,195.98910522460938,0.5289031736657247
288,288.0,sgd,mse,relu,relu,100.0,100.0,4.0,2.0,7.0,0.0,6484385595392.0,6484385595392.0,1634295.375,100.0,0.0,2546445.75,195.98910522460938,0.5289031736657247
289,289.0,sgd,mse,relu,relu,100.0,100.0,4.0,2.0,10.0,0.0,,,,,,,,0.5289031736657247
290,290.0,sgd,mse,relu,relu,100.0,100.0,7.0,2.0,1.0,0.0,6484385595392.0,6484385595392.0,1634295.375,100.0,0.0,2546445.75,195.98910522460938,0.5289031736657247
291,291.0,sgd,mse,relu,relu,100.0,100.0,7.0,2.0,2.0,0.0,6484385595392.0,6484385595392.0,1634295.375,100.0,0.0,2546445.75,195.98910522460938,0.5289031736657247
292,292.0,sgd,mse,relu,relu,100.0,100.0,7.0,2.0,4.0,0.0,6484385595392.0,6484385595392.0,1634295.375,100.0,0.0,2546445.75,195.98910522460938,0.5289031736657247
293,293.0,sgd,mse,relu,relu,100.0,100.0,7.0,2.0,7.0,0.0,6484385595392.0,6484385595392.0,1634295.375,100.0,0.0,2546445.75,195.98910522460938,0.5289031736657247
294,294.0,sgd,mse,relu,relu,100.0,100.0,7.0,2.0,10.0,0.0,6484385595392.0,6484385595392.0,1634295.375,100.0,0.0,2546445.75,195.98910522460938,0.5289031736657247
295,295.0,sgd,mse,relu,relu,100.0,100.0,10.0,2.0,1.0,0.0,6484385595392.0,6484385595392.0,1634295.375,100.0,0.0,2546445.75,195.98910522460938,0.5289031736657247
296,296.0,sgd,mse,relu,relu,100.0,100.0,10.0,2.0,2.0,0.0,,,,,,,,0.5289031736657247
297,297.0,sgd,mse,relu,relu,100.0,100.0,10.0,2.0,4.0,0.0,,,,,,,,0.5289031736657247
298,298.0,sgd,mse,relu,relu,100.0,100.0,10.0,2.0,7.0,0.0,6484385595392.0,6484385595392.0,1634295.375,100.0,0.0,2546445.75,195.98910522460938,0.5289031736657247
299,299.0,sgd,mse,relu,relu,100.0,100.0,10.0,2.0,10.0,0.0,6484385595392.0,6484385595392.0,1634295.375,100.0,0.0,2546445.75,195.98910522460938,0.5289031736657247
300,300.0,sgd,mse,selu,relu,1.0,1.0,1.0,2.0,1.0,0.0,6484385595392.0,6484385595392.0,1634295.375,100.0,0.0,2546445.75,195.98910522460938,0.5289031736657247
301,301.0,sgd,mse,selu,relu,1.0,1.0,1.0,2.0,2.0,0.0,6484385595392.0,6484385595392.0,1634295.375,100.0,0.0,2546445.75,195.98910522460938,0.5289031736657247
302,302.0,sgd,mse,selu,relu,1.0,1.0,1.0,2.0,4.0,0.0,,,,,,,,0.5289031736657247
303,303.0,sgd,mse,selu,relu,1.0,1.0,1.0,2.0,7.0,0.0,6484385595392.0,6484385595392.0,1634295.375,100.0,0.0,2546445.75,195.98910522460938,0.5289031736657247
304,304.0,sgd,mse,selu,relu,1.0,1.0,1.0,2.0,10.0,0.0,,,,,,,,0.5289031736657247
305,305.0,sgd,mse,selu,relu,1.0,1.0,2.0,2.0,1.0,0.0,6484385595392.0,6484385595392.0,1634295.375,100.0,0.0,2546445.75,195.98910522460938,0.5289031736657247
306,306.0,sgd,mse,selu,relu,1.0,1.0,2.0,2.0,2.0,0.0,6484385595392.0,6484385595392.0,1634295.375,100.0,0.0,2546445.75,195.98910522460938,0.5289031736657247
307,307.0,sgd,mse,selu,relu,1.0,1.0,2.0,2.0,4.0,0.0,6484385595392.0,6484385595392.0,1634295.375,100.0,0.0,2546445.75,195.98910522460938,0.5289031736657247
308,308.0,sgd,mse,selu,relu,1.0,1.0,2.0,2.0,7.0,0.0,,,,,,,,0.5289031736657247
309,309.0,sgd,mse,selu,relu,1.0,1.0,2.0,2.0,10.0,0.0,6484385595392.0,6484385595392.0,1634295.375,100.0,0.0,2546445.75,195.98910522460938,0.5289031736657247
310,310.0,sgd,mse,selu,relu,1.0,1.0,4.0,2.0,1.0,0.0,6484385595392.0,6484385595392.0,1634295.375,100.0,0.0,2546445.75,195.98910522460938,0.5289031736657247
311,311.0,sgd,mse,selu,relu,1.0,1.0,4.0,2.0,2.0,0.0,4016535240704.0,4016535240704.0,900833.9375,64.551513671875,0.9999999403953552,2004129.5,0.554844319820404,0.5289031736657247
312,312.0,sgd,mse,selu,relu,1.0,1.0,4.0,2.0,4.0,0.0,6484385595392.0,6484385595392.0,1634295.375,100.0,0.0,2546445.75,195.98910522460938,0.5289031736657247
313,313.0,sgd,mse,selu,relu,1.0,1.0,4.0,2.0,7.0,0.0,6484385595392.0,6484385595392.0,1634295.375,100.0,0.0,2546445.75,195.98910522460938,0.5289031736657247
314,314.0,sgd,mse,selu,relu,1.0,1.0,4.0,2.0,10.0,0.0,6484385595392.0,6484385595392.0,1634295.375,100.0,0.0,2546445.75,195.98910522460938,0.5289031736657247
315,315.0,sgd,mse,selu,relu,1.0,1.0,7.0,2.0,1.0,0.0,6484385595392.0,6484385595392.0,1634295.375,100.0,0.0,2546445.75,195.98910522460938,0.5289031736657247
316,316.0,sgd,mse,selu,relu,1.0,1.0,7.0,2.0,2.0,0.0,6484385595392.0,6484385595392.0,1634295.375,100.0,0.0,2546445.75,195.98910522460938,0.5289031736657247
317,317.0,sgd,mse,selu,relu,1.0,1.0,7.0,2.0,4.0,0.0,6484385595392.0,6484385595392.0,1634295.375,100.0,0.0,2546445.75,195.98910522460938,0.5289031736657247
318,318.0,sgd,mse,selu,relu,1.0,1.0,7.0,2.0,7.0,0.0,6484385595392.0,6484385595392.0,1634295.375,100.0,0.0,2546445.75,195.98910522460938,0.5289031736657247
319,319.0,sgd,mse,selu,relu,1.0,1.0,7.0,2.0,10.0,0.0,3868516679680.0,3868516679680.0,940179.75,79.56510925292969,1.0,1966854.5,0.5843963027000427,0.5289031736657247
320,320.0,sgd,mse,selu,relu,1.0,1.0,10.0,2.0,1.0,0.0,6484385595392.0,6484385595392.0,1634295.375,100.0,0.0,2546445.75,195.98910522460938,0.5289031736657247
321,321.0,sgd,mse,selu,relu,1.0,1.0,10.0,2.0,2.0,0.0,6484385595392.0,6484385595392.0,1634295.375,100.0,0.0,2546445.75,195.98910522460938,0.5289031736657247
322,322.0,sgd,mse,selu,relu,1.0,1.0,10.0,2.0,4.0,0.0,3932964257792.0,3932964257792.0,915528.25,71.50399780273438,1.0,1983170.25,0.5627987384796143,0.5289031736657247
323,323.0,sgd,mse,selu,relu,1.0,1.0,10.0,2.0,7.0,0.0,,,,,,,,0.5289031736657247
324,324.0,sgd,mse,selu,relu,1.0,1.0,10.0,2.0,10.0,0.0,6484385595392.0,6484385595392.0,1634295.375,100.0,0.0,2546445.75,195.98910522460938,0.5289031736657247
325,325.0,sgd,mse,selu,relu,1.0,10.0,1.0,2.0,1.0,0.0,6484385595392.0,6484385595392.0,1634295.375,100.0,0.0,2546445.75,195.98910522460938,0.5289031736657247
326,326.0,sgd,mse,selu,relu,1.0,10.0,1.0,2.0,2.0,0.0,2583895006511104.0,2583895006511104.0,50794500.0,5661.63427734375,1.0,50832028.0,14.958261489868164,0.5289031736657247
327,327.0,sgd,mse,selu,relu,1.0,10.0,1.0,2.0,4.0,0.0,6484385595392.0,6484385595392.0,1634295.375,100.0,0.0,2546445.75,195.98910522460938,0.5289031736657247
328,328.0,sgd,mse,selu,relu,1.0,10.0,1.0,2.0,7.0,0.0,6484385595392.0,6484385595392.0,1634295.375,100.0,0.0,2546445.75,195.98910522460938,0.5289031736657247
329,329.0,sgd,mse,selu,relu,1.0,10.0,1.0,2.0,10.0,0.0,6484385595392.0,6484385595392.0,1634295.375,100.0,0.0,2546445.75,195.98910522460938,0.5289031736657247
330,330.0,sgd,mse,selu,relu,1.0,10.0,2.0,2.0,1.0,0.0,6484385595392.0,6484385595392.0,1634295.375,100.0,0.0,2546445.75,195.98910522460938,0.5289031736657247
331,331.0,sgd,mse,selu,relu,1.0,10.0,2.0,2.0,2.0,0.0,3815351517184.0,3815351517184.0,1014805.6875,95.71124267578125,1.0,1953292.5,0.6448261141777039,0.5289031736657247
332,332.0,sgd,mse,selu,relu,1.0,10.0,2.0,2.0,4.0,0.0,,,,,,,,0.5289031736657247
333,333.0,sgd,mse,selu,relu,1.0,10.0,2.0,2.0,7.0,0.0,,,,,,,,0.5289031736657247
334,334.0,sgd,mse,selu,relu,1.0,10.0,2.0,2.0,10.0,0.0,6484385595392.0,6484385595392.0,1634295.375,100.0,0.0,2546445.75,195.98910522460938,0.5289031736657247
335,335.0,sgd,mse,selu,relu,1.0,10.0,4.0,2.0,1.0,0.0,6484385595392.0,6484385595392.0,1634295.375,100.0,0.0,2546445.75,195.98910522460938,0.5289031736657247
336,336.0,sgd,mse,selu,relu,1.0,10.0,4.0,2.0,2.0,0.0,6484385595392.0,6484385595392.0,1634295.375,100.0,0.0,2546445.75,195.98910522460938,0.5289031736657247
337,337.0,sgd,mse,selu,relu,1.0,10.0,4.0,2.0,4.0,0.0,3816356839424.0,3816356839424.0,1010047.375,94.7901382446289,0.9999999403953552,1953549.75,0.640956461429596,0.5289031736657247
338,338.0,sgd,mse,selu,relu,1.0,10.0,4.0,2.0,7.0,0.0,6484385595392.0,6484385595392.0,1634295.375,100.0,0.0,2546445.75,195.98910522460938,0.5289031736657247
339,339.0,sgd,mse,selu,relu,1.0,10.0,4.0,2.0,10.0,0.0,3822990131200.0,3822990131200.0,1086821.375,108.71517944335938,1.0,1955246.875,0.7030094265937805,0.5289031736657247
340,340.0,sgd,mse,selu,relu,1.0,10.0,7.0,2.0,1.0,0.0,6484385595392.0,6484385595392.0,1634295.375,100.0,0.0,2546445.75,195.98910522460938,0.5289031736657247
341,341.0,sgd,mse,selu,relu,1.0,10.0,7.0,2.0,2.0,0.0,6484385595392.0,6484385595392.0,1634295.375,100.0,0.0,2546445.75,195.98910522460938,0.5289031736657247
342,342.0,sgd,mse,selu,relu,1.0,10.0,7.0,2.0,4.0,0.0,,,,,,,,0.5289031736657247
343,343.0,sgd,mse,selu,relu,1.0,10.0,7.0,2.0,7.0,0.0,6484385595392.0,6484385595392.0,1634295.375,100.0,0.0,2546445.75,195.98910522460938,0.5289031736657247
344,344.0,sgd,mse,selu,relu,1.0,10.0,7.0,2.0,10.0,0.0,6484385595392.0,6484385595392.0,1634295.375,100.0,0.0,2546445.75,195.98910522460938,0.5289031736657247
345,345.0,sgd,mse,selu,relu,1.0,10.0,10.0,2.0,1.0,0.0,6484385595392.0,6484385595392.0,1634295.375,100.0,0.0,2546445.75,195.98910522460938,0.5289031736657247
346,346.0,sgd,mse,selu,relu,1.0,10.0,10.0,2.0,2.0,0.0,6484385595392.0,6484385595392.0,1634295.375,100.0,0.0,2546445.75,195.98910522460938,0.5289031736657247
347,347.0,sgd,mse,selu,relu,1.0,10.0,10.0,2.0,4.0,0.0,6484385595392.0,6484385595392.0,1634295.375,100.0,0.0,2546445.75,195.98910522460938,0.5289031736657247
348,348.0,sgd,mse,selu,relu,1.0,10.0,10.0,2.0,7.0,0.0,6484385595392.0,6484385595392.0,1634295.375,100.0,0.0,2546445.75,195.98910522460938,0.5289031736657247
349,349.0,sgd,mse,selu,relu,1.0,10.0,10.0,2.0,10.0,0.0,6484385595392.0,6484385595392.0,1634295.375,100.0,0.0,2546445.75,195.98910522460938,0.5289031736657247
350,350.0,sgd,mse,selu,relu,1.0,32.0,1.0,2.0,1.0,0.0,6484385595392.0,6484385595392.0,1634295.375,100.0,0.0,2546445.75,195.98910522460938,0.5289031736657247
351,351.0,sgd,mse,selu,relu,1.0,32.0,1.0,2.0,2.0,0.0,6484385595392.0,6484385595392.0,1634295.375,100.0,0.0,2546445.75,195.98910522460938,0.5289031736657247
352,352.0,sgd,mse,selu,relu,1.0,32.0,1.0,2.0,4.0,0.0,6484385595392.0,6484385595392.0,1634295.375,100.0,0.0,2546445.75,195.98910522460938,0.5289031736657247
353,353.0,sgd,mse,selu,relu,1.0,32.0,1.0,2.0,7.0,0.0,6484385595392.0,6484385595392.0,1634295.375,100.0,0.0,2546445.75,195.98910522460938,0.5289031736657247
354,354.0,sgd,mse,selu,relu,1.0,32.0,1.0,2.0,10.0,0.0,3823489515520.0,3823489515520.0,1088169.0,108.95161437988281,1.0,1955374.5,0.7041334509849548,0.5289031736657247
355,355.0,sgd,mse,selu,relu,1.0,32.0,2.0,2.0,1.0,0.0,,,,,,,,0.5289031736657247
356,356.0,sgd,mse,selu,relu,1.0,32.0,2.0,2.0,2.0,0.0,6484385595392.0,6484385595392.0,1634295.375,100.0,0.0,2546445.75,195.98910522460938,0.5289031736657247
357,357.0,sgd,mse,selu,relu,1.0,32.0,2.0,2.0,4.0,0.0,6484385595392.0,6484385595392.0,1634295.375,100.0,0.0,2546445.75,195.98910522460938,0.5289031736657247
358,358.0,sgd,mse,selu,relu,1.0,32.0,2.0,2.0,7.0,0.0,6484385595392.0,6484385595392.0,1634295.375,100.0,0.0,2546445.75,195.98910522460938,0.5289031736657247
359,359.0,sgd,mse,selu,relu,1.0,32.0,2.0,2.0,10.0,0.0,6484385595392.0,6484385595392.0,1634295.375,100.0,0.0,2546445.75,195.98910522460938,0.5289031736657247
360,360.0,sgd,mse,selu,relu,1.0,32.0,4.0,2.0,1.0,0.0,6484385595392.0,6484385595392.0,1634295.375,100.0,0.0,2546445.75,195.98910522460938,0.5289031736657247
361,361.0,sgd,mse,selu,relu,1.0,32.0,4.0,2.0,2.0,0.0,6484385595392.0,6484385595392.0,1634295.375,100.0,0.0,2546445.75,195.98910522460938,0.5289031736657247
362,362.0,sgd,mse,selu,relu,1.0,32.0,4.0,2.0,4.0,0.0,,,,,,,,0.5289031736657247
363,363.0,sgd,mse,selu,relu,1.0,32.0,4.0,2.0,7.0,0.0,,,,,,,,0.5289031736657247
364,364.0,sgd,mse,selu,relu,1.0,32.0,4.0,2.0,10.0,0.0,6484385595392.0,6484385595392.0,1634295.375,100.0,0.0,2546445.75,195.98910522460938,0.5289031736657247
365,365.0,sgd,mse,selu,relu,1.0,32.0,7.0,2.0,1.0,0.0,6484385595392.0,6484385595392.0,1634295.375,100.0,0.0,2546445.75,195.98910522460938,0.5289031736657247
366,366.0,sgd,mse,selu,relu,1.0,32.0,7.0,2.0,2.0,0.0,6484385595392.0,6484385595392.0,1634295.375,100.0,0.0,2546445.75,195.98910522460938,0.5289031736657247
367,367.0,sgd,mse,selu,relu,1.0,32.0,7.0,2.0,4.0,0.0,6484385595392.0,6484385595392.0,1634295.375,100.0,0.0,2546445.75,195.98910522460938,0.5289031736657247
368,368.0,sgd,mse,selu,relu,1.0,32.0,7.0,2.0,7.0,0.0,6484385595392.0,6484385595392.0,1634295.375,100.0,0.0,2546445.75,195.98910522460938,0.5289031736657247
369,369.0,sgd,mse,selu,relu,1.0,32.0,7.0,2.0,10.0,0.0,6484385595392.0,6484385595392.0,1634295.375,100.0,0.0,2546445.75,195.98910522460938,0.5289031736657247
370,370.0,sgd,mse,selu,relu,1.0,32.0,10.0,2.0,1.0,0.0,6484385595392.0,6484385595392.0,1634295.375,100.0,0.0,2546445.75,195.98910522460938,0.5289031736657247
371,371.0,sgd,mse,selu,relu,1.0,32.0,10.0,2.0,2.0,0.0,3886653112320.0,3886653112320.0,1183997.25,125.17134094238281,1.0,1971459.625,0.7853429913520813,0.5289031736657247
372,372.0,sgd,mse,selu,relu,1.0,32.0,10.0,2.0,4.0,0.0,6484385595392.0,6484385595392.0,1634295.375,100.0,0.0,2546445.75,195.98910522460938,0.5289031736657247
373,373.0,sgd,mse,selu,relu,1.0,32.0,10.0,2.0,7.0,0.0,6484385595392.0,6484385595392.0,1634295.375,100.0,0.0,2546445.75,195.98910522460938,0.5289031736657247
374,374.0,sgd,mse,selu,relu,1.0,32.0,10.0,2.0,10.0,0.0,,,,,,,,0.5289031736657247
375,375.0,sgd,mse,selu,relu,1.0,100.0,1.0,2.0,1.0,0.0,6484385595392.0,6484385595392.0,1634295.375,100.0,0.0,2546445.75,195.98910522460938,0.5289031736657247
376,376.0,sgd,mse,selu,relu,1.0,100.0,1.0,2.0,2.0,0.0,,,,,,,,0.5289031736657247
377,377.0,sgd,mse,selu,relu,1.0,100.0,1.0,2.0,4.0,0.0,6484385595392.0,6484385595392.0,1634295.375,100.0,0.0,2546445.75,195.98910522460938,0.5289031736657247
378,378.0,sgd,mse,selu,relu,1.0,100.0,1.0,2.0,7.0,0.0,,,,,,,,0.5289031736657247
379,379.0,sgd,mse,selu,relu,1.0,100.0,1.0,2.0,10.0,0.0,,,,,,,,0.5289031736657247
380,380.0,sgd,mse,selu,relu,1.0,100.0,2.0,2.0,1.0,0.0,3821017759744.0,3821017759744.0,995015.4375,91.85215759277344,0.9999999403953552,1954742.375,0.6289705634117126,0.5289031736657247
381,381.0,sgd,mse,selu,relu,1.0,100.0,2.0,2.0,2.0,0.0,6484385595392.0,6484385595392.0,1634295.375,100.0,0.0,2546445.75,195.98910522460938,0.5289031736657247
382,382.0,sgd,mse,selu,relu,1.0,100.0,2.0,2.0,4.0,0.0,6484385595392.0,6484385595392.0,1634295.375,100.0,0.0,2546445.75,195.98910522460938,0.5289031736657247
383,383.0,sgd,mse,selu,relu,1.0,100.0,2.0,2.0,7.0,0.0,6484385595392.0,6484385595392.0,1634295.375,100.0,0.0,2546445.75,195.98910522460938,0.5289031736657247
384,384.0,sgd,mse,selu,relu,1.0,100.0,2.0,2.0,10.0,0.0,6484385595392.0,6484385595392.0,1634295.375,100.0,0.0,2546445.75,195.98910522460938,0.5289031736657247
385,385.0,sgd,mse,selu,relu,1.0,100.0,4.0,2.0,1.0,0.0,6484385595392.0,6484385595392.0,1634295.375,100.0,0.0,2546445.75,195.98910522460938,0.5289031736657247
386,386.0,sgd,mse,selu,relu,1.0,100.0,4.0,2.0,2.0,0.0,6484385595392.0,6484385595392.0,1634295.375,100.0,0.0,2546445.75,195.98910522460938,0.5289031736657247
387,387.0,sgd,mse,selu,relu,1.0,100.0,4.0,2.0,4.0,0.0,,,,,,,,0.5289031736657247
388,388.0,sgd,mse,selu,relu,1.0,100.0,4.0,2.0,7.0,0.0,,,,,,,,0.5289031736657247
389,389.0,sgd,mse,selu,relu,1.0,100.0,4.0,2.0,10.0,0.0,,,,,,,,0.5289031736657247
390,390.0,sgd,mse,selu,relu,1.0,100.0,7.0,2.0,1.0,0.0,6484385595392.0,6484385595392.0,1634295.375,100.0,0.0,2546445.75,195.98910522460938,0.5289031736657247
391,391.0,sgd,mse,selu,relu,1.0,100.0,7.0,2.0,2.0,0.0,,,,,,,,0.5289031736657247
392,392.0,sgd,mse,selu,relu,1.0,100.0,7.0,2.0,4.0,0.0,6484385595392.0,6484385595392.0,1634295.375,100.0,0.0,2546445.75,195.98910522460938,0.5289031736657247
393,393.0,sgd,mse,selu,relu,1.0,100.0,7.0,2.0,7.0,0.0,6484385595392.0,6484385595392.0,1634295.375,100.0,0.0,2546445.75,195.98910522460938,0.5289031736657247
394,394.0,sgd,mse,selu,relu,1.0,100.0,7.0,2.0,10.0,0.0,6484385595392.0,6484385595392.0,1634295.375,100.0,0.0,2546445.75,195.98910522460938,0.5289031736657247
395,395.0,sgd,mse,selu,relu,1.0,100.0,10.0,2.0,1.0,0.0,6484385595392.0,6484385595392.0,1634295.375,100.0,0.0,2546445.75,195.98910522460938,0.5289031736657247
396,396.0,sgd,mse,selu,relu,1.0,100.0,10.0,2.0,2.0,0.0,,,,,,,,0.5289031736657247
397,397.0,sgd,mse,selu,relu,1.0,100.0,10.0,2.0,4.0,0.0,,,,,,,,0.5289031736657247
398,398.0,sgd,mse,selu,relu,1.0,100.0,10.0,2.0,7.0,0.0,6484385595392.0,6484385595392.0,1634295.375,100.0,0.0,2546445.75,195.98910522460938,0.5289031736657247
399,399.0,sgd,mse,selu,relu,1.0,100.0,10.0,2.0,10.0,0.0,6484385595392.0,6484385595392.0,1634295.375,100.0,0.0,2546445.75,195.98910522460938,0.5289031736657247
400,400.0,sgd,mse,selu,relu,10.0,1.0,1.0,2.0,1.0,0.0,3834013548544.0,3834013548544.0,971289.625,86.97003936767578,0.9999999403953552,1958063.75,0.6101162433624268,0.5289031736657247
401,401.0,sgd,mse,selu,relu,10.0,1.0,1.0,2.0,2.0,0.0,,,,,,,,0.5289031736657247
402,402.0,sgd,mse,selu,relu,10.0,1.0,1.0,2.0,4.0,0.0,6484385595392.0,6484385595392.0,1634295.375,100.0,0.0,2546445.75,195.98910522460938,0.5289031736657247
403,403.0,sgd,mse,selu,relu,10.0,1.0,1.0,2.0,7.0,0.0,3831509286912.0,3831509286912.0,974818.625,87.7329330444336,0.9999999403953552,1957424.125,0.6129893660545349,0.5289031736657247
404,404.0,sgd,mse,selu,relu,10.0,1.0,1.0,2.0,10.0,0.0,6484385595392.0,6484385595392.0,1634295.375,100.0,0.0,2546445.75,195.98910522460938,0.5289031736657247
405,405.0,sgd,mse,selu,relu,10.0,1.0,2.0,2.0,1.0,0.0,6484385595392.0,6484385595392.0,1634295.375,100.0,0.0,2546445.75,195.98910522460938,0.5289031736657247
406,406.0,sgd,mse,selu,relu,10.0,1.0,2.0,2.0,2.0,0.0,4138553311232.0,4138553311232.0,1371885.5,154.6925811767578,0.9999999403953552,2034343.5,0.9469681978225708,0.5289031736657247
407,407.0,sgd,mse,selu,relu,10.0,1.0,2.0,2.0,4.0,0.0,,,,,,,,0.5289031736657247
408,408.0,sgd,mse,selu,relu,10.0,1.0,2.0,2.0,7.0,0.0,6484385595392.0,6484385595392.0,1634295.375,100.0,0.0,2546445.75,195.98910522460938,0.5289031736657247
409,409.0,sgd,mse,selu,relu,10.0,1.0,2.0,2.0,10.0,0.0,6484385595392.0,6484385595392.0,1634295.375,100.0,0.0,2546445.75,195.98910522460938,0.5289031736657247
410,410.0,sgd,mse,selu,relu,10.0,1.0,4.0,2.0,1.0,0.0,6484385595392.0,6484385595392.0,1634295.375,100.0,0.0,2546445.75,195.98910522460938,0.5289031736657247
411,411.0,sgd,mse,selu,relu,10.0,1.0,4.0,2.0,2.0,0.0,6484385595392.0,6484385595392.0,1634295.375,100.0,0.0,2546445.75,195.98910522460938,0.5289031736657247
412,412.0,sgd,mse,selu,relu,10.0,1.0,4.0,2.0,4.0,0.0,6484385595392.0,6484385595392.0,1634295.375,100.0,0.0,2546445.75,195.98910522460938,0.5289031736657247
413,413.0,sgd,mse,selu,relu,10.0,1.0,4.0,2.0,7.0,0.0,6484385595392.0,6484385595392.0,1634295.375,100.0,0.0,2546445.75,195.98910522460938,0.5289031736657247
414,414.0,sgd,mse,selu,relu,10.0,1.0,4.0,2.0,10.0,0.0,6484385595392.0,6484385595392.0,1634295.375,100.0,0.0,2546445.75,195.98910522460938,0.5289031736657247
415,415.0,sgd,mse,selu,relu,10.0,1.0,7.0,2.0,1.0,0.0,6484385595392.0,6484385595392.0,1634295.375,100.0,0.0,2546445.75,195.98910522460938,0.5289031736657247
416,416.0,sgd,mse,selu,relu,10.0,1.0,7.0,2.0,2.0,0.0,6484385595392.0,6484385595392.0,1634295.375,100.0,0.0,2546445.75,195.98910522460938,0.5289031736657247
417,417.0,sgd,mse,selu,relu,10.0,1.0,7.0,2.0,4.0,0.0,3956535459840.0,3956535459840.0,909999.4375,69.2683334350586,1.0,1989104.125,0.5588833093643188,0.5289031736657247
418,418.0,sgd,mse,selu,relu,10.0,1.0,7.0,2.0,7.0,0.0,,,,,,,,0.5289031736657247
419,419.0,sgd,mse,selu,relu,10.0,1.0,7.0,2.0,10.0,0.0,,,,,,,,0.5289031736657247
420,420.0,sgd,mse,selu,relu,10.0,1.0,10.0,2.0,1.0,0.0,6484385595392.0,6484385595392.0,1634295.375,100.0,0.0,2546445.75,195.98910522460938,0.5289031736657247
421,421.0,sgd,mse,selu,relu,10.0,1.0,10.0,2.0,2.0,0.0,6484385595392.0,6484385595392.0,1634295.375,100.0,0.0,2546445.75,195.98910522460938,0.5289031736657247
422,422.0,sgd,mse,selu,relu,10.0,1.0,10.0,2.0,4.0,0.0,6484385595392.0,6484385595392.0,1634295.375,100.0,0.0,2546445.75,195.98910522460938,0.5289031736657247
423,423.0,sgd,mse,selu,relu,10.0,1.0,10.0,2.0,7.0,0.0,,,,,,,,0.5289031736657247
424,424.0,sgd,mse,selu,relu,10.0,1.0,10.0,2.0,10.0,0.0,6484385595392.0,6484385595392.0,1634295.375,100.0,0.0,2546445.75,195.98910522460938,0.5289031736657247
425,425.0,sgd,mse,selu,relu,10.0,10.0,1.0,2.0,1.0,0.0,3853750370304.0,3853750370304.0,1143371.25,118.4508056640625,0.9999999403953552,1963097.125,0.7508783936500549,0.5289031736657247
426,426.0,sgd,mse,selu,relu,10.0,10.0,1.0,2.0,2.0,0.0,6484385595392.0,6484385595392.0,1634295.375,100.0,0.0,2546445.75,195.98910522460938,0.5289031736657247
427,427.0,sgd,mse,selu,relu,10.0,10.0,1.0,2.0,4.0,0.0,,,,,,,,0.5289031736657247
428,428.0,sgd,mse,selu,relu,10.0,10.0,1.0,2.0,7.0,0.0,6484385595392.0,6484385595392.0,1634295.375,100.0,0.0,2546445.75,195.98910522460938,0.5289031736657247
429,429.0,sgd,mse,selu,relu,10.0,10.0,1.0,2.0,10.0,0.0,4146499682304.0,4146499682304.0,1376570.875,155.39109802246094,1.0,2036295.625,0.9509064555168152,0.5289031736657247
430,430.0,sgd,mse,selu,relu,10.0,10.0,2.0,2.0,1.0,0.0,6484385595392.0,6484385595392.0,1634295.375,100.0,0.0,2546445.75,195.98910522460938,0.5289031736657247
431,431.0,sgd,mse,selu,relu,10.0,10.0,2.0,2.0,2.0,0.0,6484385595392.0,6484385595392.0,1634295.375,100.0,0.0,2546445.75,195.98910522460938,0.5289031736657247
432,432.0,sgd,mse,selu,relu,10.0,10.0,2.0,2.0,4.0,0.0,6484385595392.0,6484385595392.0,1634295.375,100.0,0.0,2546445.75,195.98910522460938,0.5289031736657247
433,433.0,sgd,mse,selu,relu,10.0,10.0,2.0,2.0,7.0,0.0,,,,,,,,0.5289031736657247
434,434.0,sgd,mse,selu,relu,10.0,10.0,2.0,2.0,10.0,0.0,3896394645504.0,3896394645504.0,926536.4375,75.55963897705078,1.0,1973928.75,0.5725425481796265,0.5289031736657247
435,435.0,sgd,mse,selu,relu,10.0,10.0,4.0,2.0,1.0,0.0,6484385595392.0,6484385595392.0,1634295.375,100.0,0.0,2546445.75,195.98910522460938,0.5289031736657247
436,436.0,sgd,mse,selu,relu,10.0,10.0,4.0,2.0,2.0,0.0,6484385595392.0,6484385595392.0,1634295.375,100.0,0.0,2546445.75,195.98910522460938,0.5289031736657247
437,437.0,sgd,mse,selu,relu,10.0,10.0,4.0,2.0,4.0,0.0,3846062211072.0,3846062211072.0,1132007.5,116.52985382080078,0.9999999403953552,1961138.0,0.7412147521972656,0.5289031736657247
438,438.0,sgd,mse,selu,relu,10.0,10.0,4.0,2.0,7.0,0.0,,,,,,,,0.5289031736657247
439,439.0,sgd,mse,selu,relu,10.0,10.0,4.0,2.0,10.0,0.0,,,,,,,,0.5289031736657247
440,440.0,sgd,mse,selu,relu,10.0,10.0,7.0,2.0,1.0,0.0,6484385595392.0,6484385595392.0,1634295.375,100.0,0.0,2546445.75,195.98910522460938,0.5289031736657247
441,441.0,sgd,mse,selu,relu,10.0,10.0,7.0,2.0,2.0,0.0,6484385595392.0,6484385595392.0,1634295.375,100.0,0.0,2546445.75,195.98910522460938,0.5289031736657247
442,442.0,sgd,mse,selu,relu,10.0,10.0,7.0,2.0,4.0,0.0,3877802868736.0,3877802868736.0,934952.625,78.1106185913086,1.0,1969213.75,0.5798785090446472,0.5289031736657247
443,443.0,sgd,mse,selu,relu,10.0,10.0,7.0,2.0,7.0,0.0,6484385595392.0,6484385595392.0,1634295.375,100.0,0.0,2546445.75,195.98910522460938,0.5289031736657247
444,444.0,sgd,mse,selu,relu,10.0,10.0,7.0,2.0,10.0,0.0,,,,,,,,0.5289031736657247
445,445.0,sgd,mse,selu,relu,10.0,10.0,10.0,2.0,1.0,0.0,6484385595392.0,6484385595392.0,1634295.375,100.0,0.0,2546445.75,195.98910522460938,0.5289031736657247
446,446.0,sgd,mse,selu,relu,10.0,10.0,10.0,2.0,2.0,0.0,6484385595392.0,6484385595392.0,1634295.375,100.0,0.0,2546445.75,195.98910522460938,0.5289031736657247
447,447.0,sgd,mse,selu,relu,10.0,10.0,10.0,2.0,4.0,0.0,3844277272576.0,3844277272576.0,1129197.125,116.05322265625,1.0,1960682.875,0.7388352155685425,0.5289031736657247
448,448.0,sgd,mse,selu,relu,10.0,10.0,10.0,2.0,7.0,0.0,6484385595392.0,6484385595392.0,1634295.375,100.0,0.0,2546445.75,195.98910522460938,0.5289031736657247
449,449.0,sgd,mse,selu,relu,10.0,10.0,10.0,2.0,10.0,0.0,,,,,,,,0.5289031736657247
450,450.0,sgd,mse,selu,relu,10.0,32.0,1.0,2.0,1.0,0.0,4662827155456.0,4662827155456.0,1624350.5,190.77691650390625,1.0,2159358.0,1.1541111469268799,0.5289031736657247
451,451.0,sgd,mse,selu,relu,10.0,32.0,1.0,2.0,2.0,0.0,6484385595392.0,6484385595392.0,1634295.375,100.0,0.0,2546445.75,195.98910522460938,0.5289031736657247
452,452.0,sgd,mse,selu,relu,10.0,32.0,1.0,2.0,4.0,0.0,3813496586240.0,3813496586240.0,1038702.75,100.1672592163086,0.9999999403953552,1952817.625,0.6639930605888367,0.5289031736657247
453,453.0,sgd,mse,selu,relu,10.0,32.0,1.0,2.0,7.0,0.0,6484385595392.0,6484385595392.0,1634295.375,100.0,0.0,2546445.75,195.98910522460938,0.5289031736657247
454,454.0,sgd,mse,selu,relu,10.0,32.0,1.0,2.0,10.0,0.0,,,,,,,,0.5289031736657247
455,455.0,sgd,mse,selu,relu,10.0,32.0,2.0,2.0,1.0,0.0,6484385595392.0,6484385595392.0,1634295.375,100.0,0.0,2546445.75,195.98910522460938,0.5289031736657247
456,456.0,sgd,mse,selu,relu,10.0,32.0,2.0,2.0,2.0,0.0,6484385595392.0,6484385595392.0,1634295.375,100.0,0.0,2546445.75,195.98910522460938,0.5289031736657247
457,457.0,sgd,mse,selu,relu,10.0,32.0,2.0,2.0,4.0,0.0,6484385595392.0,6484385595392.0,1634295.375,100.0,0.0,2546445.75,195.98910522460938,0.5289031736657247
458,458.0,sgd,mse,selu,relu,10.0,32.0,2.0,2.0,7.0,0.0,6484385595392.0,6484385595392.0,1634295.375,100.0,0.0,2546445.75,195.98910522460938,0.5289031736657247
459,459.0,sgd,mse,selu,relu,10.0,32.0,2.0,2.0,10.0,0.0,,,,,,,,0.5289031736657247
460,460.0,sgd,mse,selu,relu,10.0,32.0,4.0,2.0,1.0,0.0,6484385595392.0,6484385595392.0,1634295.375,100.0,0.0,2546445.75,195.98910522460938,0.5289031736657247
461,461.0,sgd,mse,selu,relu,10.0,32.0,4.0,2.0,2.0,0.0,6484385595392.0,6484385595392.0,1634295.375,100.0,0.0,2546445.75,195.98910522460938,0.5289031736657247
462,462.0,sgd,mse,selu,relu,10.0,32.0,4.0,2.0,4.0,0.0,6484385595392.0,6484385595392.0,1634295.375,100.0,0.0,2546445.75,195.98910522460938,0.5289031736657247
463,463.0,sgd,mse,selu,relu,10.0,32.0,4.0,2.0,7.0,0.0,,,,,,,,0.5289031736657247
464,464.0,sgd,mse,selu,relu,10.0,32.0,4.0,2.0,10.0,0.0,6484385595392.0,6484385595392.0,1634295.375,100.0,0.0,2546445.75,195.98910522460938,0.5289031736657247
465,465.0,sgd,mse,selu,relu,10.0,32.0,7.0,2.0,1.0,0.0,,,,,,,,0.5289031736657247
466,466.0,sgd,mse,selu,relu,10.0,32.0,7.0,2.0,2.0,0.0,,,,,,,,0.5289031736657247
467,467.0,sgd,mse,selu,relu,10.0,32.0,7.0,2.0,4.0,0.0,6484385595392.0,6484385595392.0,1634295.375,100.0,0.0,2546445.75,195.98910522460938,0.5289031736657247
468,468.0,sgd,mse,selu,relu,10.0,32.0,7.0,2.0,7.0,0.0,,,,,,,,0.5289031736657247
469,469.0,sgd,mse,selu,relu,10.0,32.0,7.0,2.0,10.0,0.0,6484385595392.0,6484385595392.0,1634295.375,100.0,0.0,2546445.75,195.98910522460938,0.5289031736657247
470,470.0,sgd,mse,selu,relu,10.0,32.0,10.0,2.0,1.0,0.0,6484385595392.0,6484385595392.0,1634295.375,100.0,0.0,2546445.75,195.98910522460938,0.5289031736657247
471,471.0,sgd,mse,selu,relu,10.0,32.0,10.0,2.0,2.0,0.0,3833567641600.0,3833567641600.0,1110534.875,112.85794067382812,1.0,1957949.875,0.7230387926101685,0.5289031736657247
472,472.0,sgd,mse,selu,relu,10.0,32.0,10.0,2.0,4.0,0.0,6484385595392.0,6484385595392.0,1634295.375,100.0,0.0,2546445.75,195.98910522460938,0.5289031736657247
473,473.0,sgd,mse,selu,relu,10.0,32.0,10.0,2.0,7.0,0.0,6484385595392.0,6484385595392.0,1634295.375,100.0,0.0,2546445.75,195.98910522460938,0.5289031736657247
474,474.0,sgd,mse,selu,relu,10.0,32.0,10.0,2.0,10.0,0.0,6484385595392.0,6484385595392.0,1634295.375,100.0,0.0,2546445.75,195.98910522460938,0.5289031736657247
475,475.0,sgd,mse,selu,relu,10.0,100.0,1.0,2.0,1.0,0.0,6484385595392.0,6484385595392.0,1634295.375,100.0,0.0,2546445.75,195.98910522460938,0.5289031736657247
476,476.0,sgd,mse,selu,relu,10.0,100.0,1.0,2.0,2.0,0.0,6484385595392.0,6484385595392.0,1634295.375,100.0,0.0,2546445.75,195.98910522460938,0.5289031736657247
477,477.0,sgd,mse,selu,relu,10.0,100.0,1.0,2.0,4.0,0.0,,,,,,,,0.5289031736657247
478,478.0,sgd,mse,selu,relu,10.0,100.0,1.0,2.0,7.0,0.0,6484385595392.0,6484385595392.0,1634295.375,100.0,0.0,2546445.75,195.98910522460938,0.5289031736657247
479,479.0,sgd,mse,selu,relu,10.0,100.0,1.0,2.0,10.0,0.0,,,,,,,,0.5289031736657247
480,480.0,sgd,mse,selu,relu,10.0,100.0,2.0,2.0,1.0,0.0,6484385595392.0,6484385595392.0,1634295.375,100.0,0.0,2546445.75,195.98910522460938,0.5289031736657247
481,481.0,sgd,mse,selu,relu,10.0,100.0,2.0,2.0,2.0,0.0,6484385595392.0,6484385595392.0,1634295.375,100.0,0.0,2546445.75,195.98910522460938,0.5289031736657247
482,482.0,sgd,mse,selu,relu,10.0,100.0,2.0,2.0,4.0,0.0,6484385595392.0,6484385595392.0,1634295.375,100.0,0.0,2546445.75,195.98910522460938,0.5289031736657247
483,483.0,sgd,mse,selu,relu,10.0,100.0,2.0,2.0,7.0,0.0,,,,,,,,0.5289031736657247
484,484.0,sgd,mse,selu,relu,10.0,100.0,2.0,2.0,10.0,0.0,6484385595392.0,6484385595392.0,1634295.375,100.0,0.0,2546445.75,195.98910522460938,0.5289031736657247
485,485.0,sgd,mse,selu,relu,10.0,100.0,4.0,2.0,1.0,0.0,6484385595392.0,6484385595392.0,1634295.375,100.0,0.0,2546445.75,195.98910522460938,0.5289031736657247
486,486.0,sgd,mse,selu,relu,10.0,100.0,4.0,2.0,2.0,0.0,,,,,,,,0.5289031736657247
487,487.0,sgd,mse,selu,relu,10.0,100.0,4.0,2.0,4.0,0.0,6484385595392.0,6484385595392.0,1634295.375,100.0,0.0,2546445.75,195.98910522460938,0.5289031736657247
488,488.0,sgd,mse,selu,relu,10.0,100.0,4.0,2.0,7.0,0.0,6484385595392.0,6484385595392.0,1634295.375,100.0,0.0,2546445.75,195.98910522460938,0.5289031736657247
489,489.0,sgd,mse,selu,relu,10.0,100.0,4.0,2.0,10.0,0.0,6484385595392.0,6484385595392.0,1634295.375,100.0,0.0,2546445.75,195.98910522460938,0.5289031736657247
490,490.0,sgd,mse,selu,relu,10.0,100.0,7.0,2.0,1.0,0.0,,,,,,,,0.5289031736657247
491,491.0,sgd,mse,selu,relu,10.0,100.0,7.0,2.0,2.0,0.0,6484385595392.0,6484385595392.0,1634295.375,100.0,0.0,2546445.75,195.98910522460938,0.5289031736657247
492,492.0,sgd,mse,selu,relu,10.0,100.0,7.0,2.0,4.0,0.0,6484385595392.0,6484385595392.0,1634295.375,100.0,0.0,2546445.75,195.98910522460938,0.5289031736657247
493,493.0,sgd,mse,selu,relu,10.0,100.0,7.0,2.0,7.0,0.0,,,,,,,,0.5289031736657247
494,494.0,sgd,mse,selu,relu,10.0,100.0,7.0,2.0,10.0,0.0,6484385595392.0,6484385595392.0,1634295.375,100.0,0.0,2546445.75,195.98910522460938,0.5289031736657247
495,495.0,sgd,mse,selu,relu,10.0,100.0,10.0,2.0,1.0,0.0,6484385595392.0,6484385595392.0,1634295.375,100.0,0.0,2546445.75,195.98910522460938,0.5289031736657247
496,496.0,sgd,mse,selu,relu,10.0,100.0,10.0,2.0,2.0,0.0,,,,,,,,0.5289031736657247
497,497.0,sgd,mse,selu,relu,10.0,100.0,10.0,2.0,4.0,0.0,660642742665216.0,660642742665216.0,25628680.0,2896.049072265625,0.9999999403953552,25702972.0,10.422333717346191,0.5289031736657247
498,498.0,sgd,mse,selu,relu,10.0,100.0,10.0,2.0,7.0,0.0,6484385595392.0,6484385595392.0,1634295.375,100.0,0.0,2546445.75,195.98910522460938,0.5289031736657247
499,499.0,sgd,mse,selu,relu,10.0,100.0,10.0,2.0,10.0,0.0,,,,,,,,0.5289031736657247
500,500.0,sgd,mse,selu,relu,100.0,1.0,1.0,2.0,1.0,0.0,6484385595392.0,6484385595392.0,1634295.375,100.0,0.0,2546445.75,195.98910522460938,0.5289031736657247
501,501.0,sgd,mse,selu,relu,100.0,1.0,1.0,2.0,2.0,0.0,,,,,,,,0.5289031736657247
502,502.0,sgd,mse,selu,relu,100.0,1.0,1.0,2.0,4.0,0.0,6484385595392.0,6484385595392.0,1634295.375,100.0,0.0,2546445.75,195.98910522460938,0.5289031736657247
503,503.0,sgd,mse,selu,relu,100.0,1.0,1.0,2.0,7.0,0.0,6484385595392.0,6484385595392.0,1634295.375,100.0,0.0,2546445.75,195.98910522460938,0.5289031736657247
504,504.0,sgd,mse,selu,relu,100.0,1.0,1.0,2.0,10.0,0.0,6484385595392.0,6484385595392.0,1634295.375,100.0,0.0,2546445.75,195.98910522460938,0.5289031736657247
505,505.0,sgd,mse,selu,relu,100.0,1.0,2.0,2.0,1.0,0.0,6484385595392.0,6484385595392.0,1634295.375,100.0,0.0,2546445.75,195.98910522460938,0.5289031736657247
506,506.0,sgd,mse,selu,relu,100.0,1.0,2.0,2.0,2.0,0.0,6484385595392.0,6484385595392.0,1634295.375,100.0,0.0,2546445.75,195.98910522460938,0.5289031736657247
507,507.0,sgd,mse,selu,relu,100.0,1.0,2.0,2.0,4.0,0.0,6484385595392.0,6484385595392.0,1634295.375,100.0,0.0,2546445.75,195.98910522460938,0.5289031736657247
508,508.0,sgd,mse,selu,relu,100.0,1.0,2.0,2.0,7.0,0.0,6484385595392.0,6484385595392.0,1634295.375,100.0,0.0,2546445.75,195.98910522460938,0.5289031736657247
509,509.0,sgd,mse,selu,relu,100.0,1.0,2.0,2.0,10.0,0.0,6484385595392.0,6484385595392.0,1634295.375,100.0,0.0,2546445.75,195.98910522460938,0.5289031736657247
510,510.0,sgd,mse,selu,relu,100.0,1.0,4.0,2.0,1.0,0.0,6484385595392.0,6484385595392.0,1634295.375,100.0,0.0,2546445.75,195.98910522460938,0.5289031736657247
511,511.0,sgd,mse,selu,relu,100.0,1.0,4.0,2.0,2.0,0.0,6484385595392.0,6484385595392.0,1634295.375,100.0,0.0,2546445.75,195.98910522460938,0.5289031736657247
512,512.0,sgd,mse,selu,relu,100.0,1.0,4.0,2.0,4.0,0.0,6484385595392.0,6484385595392.0,1634295.375,100.0,0.0,2546445.75,195.98910522460938,0.5289031736657247
513,513.0,sgd,mse,selu,relu,100.0,1.0,4.0,2.0,7.0,0.0,6484385595392.0,6484385595392.0,1634295.375,100.0,0.0,2546445.75,195.98910522460938,0.5289031736657247
514,514.0,sgd,mse,selu,relu,100.0,1.0,4.0,2.0,10.0,0.0,6484385595392.0,6484385595392.0,1634295.375,100.0,0.0,2546445.75,195.98910522460938,0.5289031736657247
515,515.0,sgd,mse,selu,relu,100.0,1.0,7.0,2.0,1.0,0.0,174005550055424.0,174005550055424.0,13086997.0,1513.4683837890625,0.9999999403953552,13191116.0,6.916416168212891,0.5289031736657247
516,516.0,sgd,mse,selu,relu,100.0,1.0,7.0,2.0,2.0,0.0,6484385595392.0,6484385595392.0,1634295.375,100.0,0.0,2546445.75,195.98910522460938,0.5289031736657247
517,517.0,sgd,mse,selu,relu,100.0,1.0,7.0,2.0,4.0,0.0,6484385595392.0,6484385595392.0,1634295.375,100.0,0.0,2546445.75,195.98910522460938,0.5289031736657247
518,518.0,sgd,mse,selu,relu,100.0,1.0,7.0,2.0,7.0,0.0,6484385595392.0,6484385595392.0,1634295.375,100.0,0.0,2546445.75,195.98910522460938,0.5289031736657247
519,519.0,sgd,mse,selu,relu,100.0,1.0,7.0,2.0,10.0,0.0,6484385595392.0,6484385595392.0,1634295.375,100.0,0.0,2546445.75,195.98910522460938,0.5289031736657247
520,520.0,sgd,mse,selu,relu,100.0,1.0,10.0,2.0,1.0,0.0,6484385595392.0,6484385595392.0,1634295.375,100.0,0.0,2546445.75,195.98910522460938,0.5289031736657247
521,521.0,sgd,mse,selu,relu,100.0,1.0,10.0,2.0,2.0,0.0,2.588815245883474e+18,2.588815245883474e+18,1608978304.0,176897.375,0.9999999403953552,1608979584.0,52.68465805053711,0.5289031736657247
522,522.0,sgd,mse,selu,relu,100.0,1.0,10.0,2.0,4.0,0.0,6484385595392.0,6484385595392.0,1634295.375,100.0,0.0,2546445.75,195.98910522460938,0.5289031736657247
523,523.0,sgd,mse,selu,relu,100.0,1.0,10.0,2.0,7.0,0.0,,,,,,,,0.5289031736657247
524,524.0,sgd,mse,selu,relu,100.0,1.0,10.0,2.0,10.0,0.0,6484385595392.0,6484385595392.0,1634295.375,100.0,0.0,2546445.75,195.98910522460938,0.5289031736657247
525,525.0,sgd,mse,selu,relu,100.0,10.0,1.0,2.0,1.0,0.0,6484385595392.0,6484385595392.0,1634295.375,100.0,0.0,2546445.75,195.98910522460938,0.5289031736657247
526,526.0,sgd,mse,selu,relu,100.0,10.0,1.0,2.0,2.0,0.0,3905877966848.0,3905877966848.0,1203808.0,128.41015625,1.0,1976329.375,0.8023680448532104,0.5289031736657247
527,527.0,sgd,mse,selu,relu,100.0,10.0,1.0,2.0,4.0,0.0,607995033550848.0,607995033550848.0,24580104.0,2780.817138671875,1.0,24657556.0,10.177465438842773,0.5289031736657247
528,528.0,sgd,mse,selu,relu,100.0,10.0,1.0,2.0,7.0,0.0,6484385595392.0,6484385595392.0,1634295.375,100.0,0.0,2546445.75,195.98910522460938,0.5289031736657247
529,529.0,sgd,mse,selu,relu,100.0,10.0,1.0,2.0,10.0,0.0,,,,,,,,0.5289031736657247
530,530.0,sgd,mse,selu,relu,100.0,10.0,2.0,2.0,1.0,0.0,6484385595392.0,6484385595392.0,1634295.375,100.0,0.0,2546445.75,195.98910522460938,0.5289031736657247
531,531.0,sgd,mse,selu,relu,100.0,10.0,2.0,2.0,2.0,0.0,607995033550848.0,607995033550848.0,24580104.0,2780.817138671875,1.0,24657556.0,10.177465438842773,0.5289031736657247
532,532.0,sgd,mse,selu,relu,100.0,10.0,2.0,2.0,4.0,0.0,6484385595392.0,6484385595392.0,1634295.375,100.0,0.0,2546445.75,195.98910522460938,0.5289031736657247
533,533.0,sgd,mse,selu,relu,100.0,10.0,2.0,2.0,7.0,0.0,6484385595392.0,6484385595392.0,1634295.375,100.0,0.0,2546445.75,195.98910522460938,0.5289031736657247
534,534.0,sgd,mse,selu,relu,100.0,10.0,2.0,2.0,10.0,0.0,,,,,,,,0.5289031736657247
535,535.0,sgd,mse,selu,relu,100.0,10.0,4.0,2.0,1.0,0.0,6484385595392.0,6484385595392.0,1634295.375,100.0,0.0,2546445.75,195.98910522460938,0.5289031736657247
536,536.0,sgd,mse,selu,relu,100.0,10.0,4.0,2.0,2.0,0.0,42626669608960.0,42626669608960.0,6389926.5,765.27001953125,0.9999999403953552,6528910.5,4.157474517822266,0.5289031736657247
537,537.0,sgd,mse,selu,relu,100.0,10.0,4.0,2.0,4.0,0.0,3950955462656.0,3950955462656.0,1243969.25,134.90745544433594,1.0,1987701.0,0.8372333645820618,0.5289031736657247
538,538.0,sgd,mse,selu,relu,100.0,10.0,4.0,2.0,7.0,0.0,,,,,,,,0.5289031736657247
539,539.0,sgd,mse,selu,relu,100.0,10.0,4.0,2.0,10.0,0.0,6484385595392.0,6484385595392.0,1634295.375,100.0,0.0,2546445.75,195.98910522460938,0.5289031736657247
540,540.0,sgd,mse,selu,relu,100.0,10.0,7.0,2.0,1.0,0.0,3822925381632.0,3822925381632.0,1086644.375,108.68411254882812,0.9999999403953552,1955230.25,0.702860414981842,0.5289031736657247
541,541.0,sgd,mse,selu,relu,100.0,10.0,7.0,2.0,2.0,0.0,6484385595392.0,6484385595392.0,1634295.375,100.0,0.0,2546445.75,195.98910522460938,0.5289031736657247
542,542.0,sgd,mse,selu,relu,100.0,10.0,7.0,2.0,4.0,0.0,3826889261056.0,3826889261056.0,1096563.875,110.42436218261719,0.9999999403953552,1956243.625,0.711196780204773,0.5289031736657247
543,543.0,sgd,mse,selu,relu,100.0,10.0,7.0,2.0,7.0,0.0,6484385595392.0,6484385595392.0,1634295.375,100.0,0.0,2546445.75,195.98910522460938,0.5289031736657247
544,544.0,sgd,mse,selu,relu,100.0,10.0,7.0,2.0,10.0,0.0,6484385595392.0,6484385595392.0,1634295.375,100.0,0.0,2546445.75,195.98910522460938,0.5289031736657247
545,545.0,sgd,mse,selu,relu,100.0,10.0,10.0,2.0,1.0,0.0,3870707941376.0,3870707941376.0,1165658.625,122.15330505371094,1.0,1967411.5,0.7697176933288574,0.5289031736657247
546,546.0,sgd,mse,selu,relu,100.0,10.0,10.0,2.0,2.0,0.0,,,,,,,,0.5289031736657247
547,547.0,sgd,mse,selu,relu,100.0,10.0,10.0,2.0,4.0,0.0,6484385595392.0,6484385595392.0,1634295.375,100.0,0.0,2546445.75,195.98910522460938,0.5289031736657247
548,548.0,sgd,mse,selu,relu,100.0,10.0,10.0,2.0,7.0,0.0,,,,,,,,0.5289031736657247
549,549.0,sgd,mse,selu,relu,100.0,10.0,10.0,2.0,10.0,0.0,6484385595392.0,6484385595392.0,1634295.375,100.0,0.0,2546445.75,195.98910522460938,0.5289031736657247
550,550.0,sgd,mse,selu,relu,100.0,32.0,1.0,2.0,1.0,0.0,6484385595392.0,6484385595392.0,1634295.375,100.0,0.0,2546445.75,195.98910522460938,0.5289031736657247
551,551.0,sgd,mse,selu,relu,100.0,32.0,1.0,2.0,2.0,0.0,,,,,,,,0.5289031736657247
552,552.0,sgd,mse,selu,relu,100.0,32.0,1.0,2.0,4.0,0.0,6484385595392.0,6484385595392.0,1634295.375,100.0,0.0,2546445.75,195.98910522460938,0.5289031736657247
553,553.0,sgd,mse,selu,relu,100.0,32.0,1.0,2.0,7.0,0.0,3830572646400.0,3830572646400.0,1104589.25,111.82505798339844,1.0,1957184.875,0.7179884910583496,0.5289031736657247
554,554.0,sgd,mse,selu,relu,100.0,32.0,1.0,2.0,10.0,0.0,,,,,,,,0.5289031736657247
555,555.0,sgd,mse,selu,relu,100.0,32.0,2.0,2.0,1.0,0.0,6484385595392.0,6484385595392.0,1634295.375,100.0,0.0,2546445.75,195.98910522460938,0.5289031736657247
556,556.0,sgd,mse,selu,relu,100.0,32.0,2.0,2.0,2.0,0.0,6484385595392.0,6484385595392.0,1634295.375,100.0,0.0,2546445.75,195.98910522460938,0.5289031736657247
557,557.0,sgd,mse,selu,relu,100.0,32.0,2.0,2.0,4.0,0.0,3833457016832.0,3833457016832.0,1110324.375,112.82138061523438,0.9999999403953552,1957921.625,0.7228603959083557,0.5289031736657247
558,558.0,sgd,mse,selu,relu,100.0,32.0,2.0,2.0,7.0,0.0,,,,,,,,0.5289031736657247
559,559.0,sgd,mse,selu,relu,100.0,32.0,2.0,2.0,10.0,0.0,6484385595392.0,6484385595392.0,1634295.375,100.0,0.0,2546445.75,195.98910522460938,0.5289031736657247
560,560.0,sgd,mse,selu,relu,100.0,32.0,4.0,2.0,1.0,0.0,6484385595392.0,6484385595392.0,1634295.375,100.0,0.0,2546445.75,195.98910522460938,0.5289031736657247
561,561.0,sgd,mse,selu,relu,100.0,32.0,4.0,2.0,2.0,0.0,,,,,,,,0.5289031736657247
562,562.0,sgd,mse,selu,relu,100.0,32.0,4.0,2.0,4.0,0.0,6484385595392.0,6484385595392.0,1634295.375,100.0,0.0,2546445.75,195.98910522460938,0.5289031736657247
563,563.0,sgd,mse,selu,relu,100.0,32.0,4.0,2.0,7.0,0.0,6484385595392.0,6484385595392.0,1634295.375,100.0,0.0,2546445.75,195.98910522460938,0.5289031736657247
564,564.0,sgd,mse,selu,relu,100.0,32.0,4.0,2.0,10.0,0.0,6484385595392.0,6484385595392.0,1634295.375,100.0,0.0,2546445.75,195.98910522460938,0.5289031736657247
565,565.0,sgd,mse,selu,relu,100.0,32.0,7.0,2.0,1.0,0.0,6484385595392.0,6484385595392.0,1634295.375,100.0,0.0,2546445.75,195.98910522460938,0.5289031736657247
566,566.0,sgd,mse,selu,relu,100.0,32.0,7.0,2.0,2.0,0.0,6484385595392.0,6484385595392.0,1634295.375,100.0,0.0,2546445.75,195.98910522460938,0.5289031736657247
567,567.0,sgd,mse,selu,relu,100.0,32.0,7.0,2.0,4.0,0.0,6484385595392.0,6484385595392.0,1634295.375,100.0,0.0,2546445.75,195.98910522460938,0.5289031736657247
568,568.0,sgd,mse,selu,relu,100.0,32.0,7.0,2.0,7.0,0.0,6484385595392.0,6484385595392.0,1634295.375,100.0,0.0,2546445.75,195.98910522460938,0.5289031736657247
569,569.0,sgd,mse,selu,relu,100.0,32.0,7.0,2.0,10.0,0.0,,,,,,,,0.5289031736657247
570,570.0,sgd,mse,selu,relu,100.0,32.0,10.0,2.0,1.0,0.0,6484385595392.0,6484385595392.0,1634295.375,100.0,0.0,2546445.75,195.98910522460938,0.5289031736657247
571,571.0,sgd,mse,selu,relu,100.0,32.0,10.0,2.0,2.0,0.0,6484385595392.0,6484385595392.0,1634295.375,100.0,0.0,2546445.75,195.98910522460938,0.5289031736657247
572,572.0,sgd,mse,selu,relu,100.0,32.0,10.0,2.0,4.0,0.0,6484385595392.0,6484385595392.0,1634295.375,100.0,0.0,2546445.75,195.98910522460938,0.5289031736657247
573,573.0,sgd,mse,selu,relu,100.0,32.0,10.0,2.0,7.0,0.0,6484385595392.0,6484385595392.0,1634295.375,100.0,0.0,2546445.75,195.98910522460938,0.5289031736657247
574,574.0,sgd,mse,selu,relu,100.0,32.0,10.0,2.0,10.0,0.0,3815719567360.0,3815719567360.0,1012935.5625,95.35041046142578,1.0,1953386.75,0.6433058977127075,0.5289031736657247
575,575.0,sgd,mse,selu,relu,100.0,100.0,1.0,2.0,1.0,0.0,6484385595392.0,6484385595392.0,1634295.375,100.0,0.0,2546445.75,195.98910522460938,0.5289031736657247
576,576.0,sgd,mse,selu,relu,100.0,100.0,1.0,2.0,2.0,0.0,6484385595392.0,6484385595392.0,1634295.375,100.0,0.0,2546445.75,195.98910522460938,0.5289031736657247
577,577.0,sgd,mse,selu,relu,100.0,100.0,1.0,2.0,4.0,0.0,6484385595392.0,6484385595392.0,1634295.375,100.0,0.0,2546445.75,195.98910522460938,0.5289031736657247
578,578.0,sgd,mse,selu,relu,100.0,100.0,1.0,2.0,7.0,0.0,6484385595392.0,6484385595392.0,1634295.375,100.0,0.0,2546445.75,195.98910522460938,0.5289031736657247
579,579.0,sgd,mse,selu,relu,100.0,100.0,1.0,2.0,10.0,0.0,6484385595392.0,6484385595392.0,1634295.375,100.0,0.0,2546445.75,195.98910522460938,0.5289031736657247
580,580.0,sgd,mse,selu,relu,100.0,100.0,2.0,2.0,1.0,0.0,,,,,,,,0.5289031736657247
581,581.0,sgd,mse,selu,relu,100.0,100.0,2.0,2.0,2.0,0.0,,,,,,,,0.5289031736657247
582,582.0,sgd,mse,selu,relu,100.0,100.0,2.0,2.0,4.0,0.0,6484385595392.0,6484385595392.0,1634295.375,100.0,0.0,2546445.75,195.98910522460938,0.5289031736657247
583,583.0,sgd,mse,selu,relu,100.0,100.0,2.0,2.0,7.0,0.0,6484385595392.0,6484385595392.0,1634295.375,100.0,0.0,2546445.75,195.98910522460938,0.5289031736657247
584,584.0,sgd,mse,selu,relu,100.0,100.0,2.0,2.0,10.0,0.0,6484385595392.0,6484385595392.0,1634295.375,100.0,0.0,2546445.75,195.98910522460938,0.5289031736657247
585,585.0,sgd,mse,selu,relu,100.0,100.0,4.0,2.0,1.0,0.0,6484385595392.0,6484385595392.0,1634295.375,100.0,0.0,2546445.75,195.98910522460938,0.5289031736657247
586,586.0,sgd,mse,selu,relu,100.0,100.0,4.0,2.0,2.0,0.0,6484385595392.0,6484385595392.0,1634295.375,100.0,0.0,2546445.75,195.98910522460938,0.5289031736657247
587,587.0,sgd,mse,selu,relu,100.0,100.0,4.0,2.0,4.0,0.0,6484385595392.0,6484385595392.0,1634295.375,100.0,0.0,2546445.75,195.98910522460938,0.5289031736657247
588,588.0,sgd,mse,selu,relu,100.0,100.0,4.0,2.0,7.0,0.0,,,,,,,,0.5289031736657247
589,589.0,sgd,mse,selu,relu,100.0,100.0,4.0,2.0,10.0,0.0,3830815391744.0,3830815391744.0,1105088.25,111.91175842285156,1.0,1957246.875,0.7184101343154907,0.5289031736657247
590,590.0,sgd,mse,selu,relu,100.0,100.0,7.0,2.0,1.0,0.0,6484385595392.0,6484385595392.0,1634295.375,100.0,0.0,2546445.75,195.98910522460938,0.5289031736657247
591,591.0,sgd,mse,selu,relu,100.0,100.0,7.0,2.0,2.0,0.0,6484385595392.0,6484385595392.0,1634295.375,100.0,0.0,2546445.75,195.98910522460938,0.5289031736657247
592,592.0,sgd,mse,selu,relu,100.0,100.0,7.0,2.0,4.0,0.0,3823461203968.0,3823461203968.0,1088092.5,108.93820190429688,0.9999999403953552,1955367.25,0.7040694355964661,0.5289031736657247
593,593.0,sgd,mse,selu,relu,100.0,100.0,7.0,2.0,7.0,0.0,,,,,,,,0.5289031736657247
594,594.0,sgd,mse,selu,relu,100.0,100.0,7.0,2.0,10.0,0.0,6484385595392.0,6484385595392.0,1634295.375,100.0,0.0,2546445.75,195.98910522460938,0.5289031736657247
595,595.0,sgd,mse,selu,relu,100.0,100.0,10.0,2.0,1.0,0.0,6484385595392.0,6484385595392.0,1634295.375,100.0,0.0,2546445.75,195.98910522460938,0.5289031736657247
596,596.0,sgd,mse,selu,relu,100.0,100.0,10.0,2.0,2.0,0.0,6484385595392.0,6484385595392.0,1634295.375,100.0,0.0,2546445.75,195.98910522460938,0.5289031736657247
597,597.0,sgd,mse,selu,relu,100.0,100.0,10.0,2.0,4.0,0.0,,,,,,,,0.5289031736657247
598,598.0,sgd,mse,selu,relu,100.0,100.0,10.0,2.0,7.0,0.0,,,,,,,,0.5289031736657247
599,599.0,sgd,mse,selu,relu,100.0,100.0,10.0,2.0,10.0,0.0,6484385595392.0,6484385595392.0,1634295.375,100.0,0.0,2546445.75,195.98910522460938,0.5289031736657247
600,600.0,sgd,mse,exponential,relu,1.0,1.0,1.0,2.0,1.0,0.0,6484385595392.0,6484385595392.0,1634295.375,100.0,0.0,2546445.75,195.98910522460938,0.5289031736657247
601,601.0,sgd,mse,exponential,relu,1.0,1.0,1.0,2.0,2.0,0.0,,,,,,,,0.5289031736657247
602,602.0,sgd,mse,exponential,relu,1.0,1.0,1.0,2.0,4.0,0.0,,,,,,,,0.5289031736657247
603,603.0,sgd,mse,exponential,relu,1.0,1.0,1.0,2.0,7.0,0.0,,,,,,,,0.5289031736657247
604,604.0,sgd,mse,exponential,relu,1.0,1.0,1.0,2.0,10.0,0.0,,,,,,,,0.5289031736657247
605,605.0,sgd,mse,exponential,relu,1.0,1.0,2.0,2.0,1.0,0.0,6484385595392.0,6484385595392.0,1634295.375,100.0,0.0,2546445.75,195.98910522460938,0.5289031736657247
606,606.0,sgd,mse,exponential,relu,1.0,1.0,2.0,2.0,2.0,0.0,,,,,,,,0.5289031736657247
607,607.0,sgd,mse,exponential,relu,1.0,1.0,2.0,2.0,4.0,0.0,,,,,,,,0.5289031736657247
608,608.0,sgd,mse,exponential,relu,1.0,1.0,2.0,2.0,7.0,0.0,,,,,,,,0.5289031736657247
609,609.0,sgd,mse,exponential,relu,1.0,1.0,2.0,2.0,10.0,0.0,,,,,,,,0.5289031736657247
610,610.0,sgd,mse,exponential,relu,1.0,1.0,4.0,2.0,1.0,0.0,,,,,,,,0.5289031736657247
611,611.0,sgd,mse,exponential,relu,1.0,1.0,4.0,2.0,2.0,0.0,6484385595392.0,6484385595392.0,1634295.375,100.0,0.0,2546445.75,195.98910522460938,0.5289031736657247
612,612.0,sgd,mse,exponential,relu,1.0,1.0,4.0,2.0,4.0,0.0,,,,,,,,0.5289031736657247
613,613.0,sgd,mse,exponential,relu,1.0,1.0,4.0,2.0,7.0,0.0,,,,,,,,0.5289031736657247
614,614.0,sgd,mse,exponential,relu,1.0,1.0,4.0,2.0,10.0,0.0,,,,,,,,0.5289031736657247
615,615.0,sgd,mse,exponential,relu,1.0,1.0,7.0,2.0,1.0,0.0,,,,,,,,0.5289031736657247
616,616.0,sgd,mse,exponential,relu,1.0,1.0,7.0,2.0,2.0,0.0,,,,,,,,0.5289031736657247
617,617.0,sgd,mse,exponential,relu,1.0,1.0,7.0,2.0,4.0,0.0,,,,,,,,0.5289031736657247
618,618.0,sgd,mse,exponential,relu,1.0,1.0,7.0,2.0,7.0,0.0,,,,,,,,0.5289031736657247
619,619.0,sgd,mse,exponential,relu,1.0,1.0,7.0,2.0,10.0,0.0,,,,,,,,0.5289031736657247
620,620.0,sgd,mse,exponential,relu,1.0,1.0,10.0,2.0,1.0,0.0,,,,,,,,0.5289031736657247
621,621.0,sgd,mse,exponential,relu,1.0,1.0,10.0,2.0,2.0,0.0,,,,,,,,0.5289031736657247
622,622.0,sgd,mse,exponential,relu,1.0,1.0,10.0,2.0,4.0,0.0,,,,,,,,0.5289031736657247
623,623.0,sgd,mse,exponential,relu,1.0,1.0,10.0,2.0,7.0,0.0,,,,,,,,0.5289031736657247
624,624.0,sgd,mse,exponential,relu,1.0,1.0,10.0,2.0,10.0,0.0,,,,,,,,0.5289031736657247
625,625.0,sgd,mse,exponential,relu,1.0,10.0,1.0,2.0,1.0,0.0,,,,,,,,0.5289031736657247
626,626.0,sgd,mse,exponential,relu,1.0,10.0,1.0,2.0,2.0,0.0,,,,,,,,0.5289031736657247
627,627.0,sgd,mse,exponential,relu,1.0,10.0,1.0,2.0,4.0,0.0,,,,,,,,0.5289031736657247
628,628.0,sgd,mse,exponential,relu,1.0,10.0,1.0,2.0,7.0,0.0,,,,,,,,0.5289031736657247
629,629.0,sgd,mse,exponential,relu,1.0,10.0,1.0,2.0,10.0,0.0,,,,,,,,0.5289031736657247
630,630.0,sgd,mse,exponential,relu,1.0,10.0,2.0,2.0,1.0,0.0,,,,,,,,0.5289031736657247
631,631.0,sgd,mse,exponential,relu,1.0,10.0,2.0,2.0,2.0,0.0,,,,,,,,0.5289031736657247
632,632.0,sgd,mse,exponential,relu,1.0,10.0,2.0,2.0,4.0,0.0,,,,,,,,0.5289031736657247
633,633.0,sgd,mse,exponential,relu,1.0,10.0,2.0,2.0,7.0,0.0,,,,,,,,0.5289031736657247
634,634.0,sgd,mse,exponential,relu,1.0,10.0,2.0,2.0,10.0,0.0,,,,,,,,0.5289031736657247
635,635.0,sgd,mse,exponential,relu,1.0,10.0,4.0,2.0,1.0,0.0,,,,,,,,0.5289031736657247
636,636.0,sgd,mse,exponential,relu,1.0,10.0,4.0,2.0,2.0,0.0,,,,,,,,0.5289031736657247
637,637.0,sgd,mse,exponential,relu,1.0,10.0,4.0,2.0,4.0,0.0,,,,,,,,0.5289031736657247
638,638.0,sgd,mse,exponential,relu,1.0,10.0,4.0,2.0,7.0,0.0,,,,,,,,0.5289031736657247
639,639.0,sgd,mse,exponential,relu,1.0,10.0,4.0,2.0,10.0,0.0,,,,,,,,0.5289031736657247
640,640.0,sgd,mse,exponential,relu,1.0,10.0,7.0,2.0,1.0,0.0,,,,,,,,0.5289031736657247
641,641.0,sgd,mse,exponential,relu,1.0,10.0,7.0,2.0,2.0,0.0,,,,,,,,0.5289031736657247
642,642.0,sgd,mse,exponential,relu,1.0,10.0,7.0,2.0,4.0,0.0,,,,,,,,0.5289031736657247
643,643.0,sgd,mse,exponential,relu,1.0,10.0,7.0,2.0,7.0,0.0,,,,,,,,0.5289031736657247
644,644.0,sgd,mse,exponential,relu,1.0,10.0,7.0,2.0,10.0,0.0,,,,,,,,0.5289031736657247
645,645.0,sgd,mse,exponential,relu,1.0,10.0,10.0,2.0,1.0,0.0,,,,,,,,0.5289031736657247
646,646.0,sgd,mse,exponential,relu,1.0,10.0,10.0,2.0,2.0,0.0,,,,,,,,0.5289031736657247
647,647.0,sgd,mse,exponential,relu,1.0,10.0,10.0,2.0,4.0,0.0,6484385595392.0,6484385595392.0,1634295.375,100.0,0.0,2546445.75,195.98910522460938,0.5289031736657247
648,648.0,sgd,mse,exponential,relu,1.0,10.0,10.0,2.0,7.0,0.0,,,,,,,,0.5289031736657247
649,649.0,sgd,mse,exponential,relu,1.0,10.0,10.0,2.0,10.0,0.0,,,,,,,,0.5289031736657247
650,650.0,sgd,mse,exponential,relu,1.0,32.0,1.0,2.0,1.0,0.0,,,,,,,,0.5289031736657247
651,651.0,sgd,mse,exponential,relu,1.0,32.0,1.0,2.0,2.0,0.0,,,,,,,,0.5289031736657247
652,652.0,sgd,mse,exponential,relu,1.0,32.0,1.0,2.0,4.0,0.0,,,,,,,,0.5289031736657247
653,653.0,sgd,mse,exponential,relu,1.0,32.0,1.0,2.0,7.0,0.0,,,,,,,,0.5289031736657247
654,654.0,sgd,mse,exponential,relu,1.0,32.0,1.0,2.0,10.0,0.0,,,,,,,,0.5289031736657247
655,655.0,sgd,mse,exponential,relu,1.0,32.0,2.0,2.0,1.0,0.0,,,,,,,,0.5289031736657247
656,656.0,sgd,mse,exponential,relu,1.0,32.0,2.0,2.0,2.0,0.0,,,,,,,,0.5289031736657247
657,657.0,sgd,mse,exponential,relu,1.0,32.0,2.0,2.0,4.0,0.0,6484385595392.0,6484385595392.0,1634295.375,100.0,0.0,2546445.75,195.98910522460938,0.5289031736657247
658,658.0,sgd,mse,exponential,relu,1.0,32.0,2.0,2.0,7.0,0.0,,,,,,,,0.5289031736657247
659,659.0,sgd,mse,exponential,relu,1.0,32.0,2.0,2.0,10.0,0.0,,,,,,,,0.5289031736657247
660,660.0,sgd,mse,exponential,relu,1.0,32.0,4.0,2.0,1.0,0.0,,,,,,,,0.5289031736657247
661,661.0,sgd,mse,exponential,relu,1.0,32.0,4.0,2.0,2.0,0.0,,,,,,,,0.5289031736657247
662,662.0,sgd,mse,exponential,relu,1.0,32.0,4.0,2.0,4.0,0.0,,,,,,,,0.5289031736657247
663,663.0,sgd,mse,exponential,relu,1.0,32.0,4.0,2.0,7.0,0.0,,,,,,,,0.5289031736657247
664,664.0,sgd,mse,exponential,relu,1.0,32.0,4.0,2.0,10.0,0.0,,,,,,,,0.5289031736657247
665,665.0,sgd,mse,exponential,relu,1.0,32.0,7.0,2.0,1.0,0.0,6484385595392.0,6484385595392.0,1634295.375,100.0,0.0,2546445.75,195.98910522460938,0.5289031736657247
666,666.0,sgd,mse,exponential,relu,1.0,32.0,7.0,2.0,2.0,0.0,,,,,,,,0.5289031736657247
667,667.0,sgd,mse,exponential,relu,1.0,32.0,7.0,2.0,4.0,0.0,,,,,,,,0.5289031736657247
668,668.0,sgd,mse,exponential,relu,1.0,32.0,7.0,2.0,7.0,0.0,,,,,,,,0.5289031736657247
669,669.0,sgd,mse,exponential,relu,1.0,32.0,7.0,2.0,10.0,0.0,,,,,,,,0.5289031736657247
670,670.0,sgd,mse,exponential,relu,1.0,32.0,10.0,2.0,1.0,0.0,,,,,,,,0.5289031736657247
671,671.0,sgd,mse,exponential,relu,1.0,32.0,10.0,2.0,2.0,0.0,,,,,,,,0.5289031736657247
672,672.0,sgd,mse,exponential,relu,1.0,32.0,10.0,2.0,4.0,0.0,,,,,,,,0.5289031736657247
673,673.0,sgd,mse,exponential,relu,1.0,32.0,10.0,2.0,7.0,0.0,,,,,,,,0.5289031736657247
674,674.0,sgd,mse,exponential,relu,1.0,32.0,10.0,2.0,10.0,0.0,,,,,,,,0.5289031736657247
675,675.0,sgd,mse,exponential,relu,1.0,100.0,1.0,2.0,1.0,0.0,,,,,,,,0.5289031736657247
676,676.0,sgd,mse,exponential,relu,1.0,100.0,1.0,2.0,2.0,0.0,,,,,,,,0.5289031736657247
677,677.0,sgd,mse,exponential,relu,1.0,100.0,1.0,2.0,4.0,0.0,,,,,,,,0.5289031736657247
678,678.0,sgd,mse,exponential,relu,1.0,100.0,1.0,2.0,7.0,0.0,,,,,,,,0.5289031736657247
679,679.0,sgd,mse,exponential,relu,1.0,100.0,1.0,2.0,10.0,0.0,,,,,,,,0.5289031736657247
680,680.0,sgd,mse,exponential,relu,1.0,100.0,2.0,2.0,1.0,0.0,,,,,,,,0.5289031736657247
681,681.0,sgd,mse,exponential,relu,1.0,100.0,2.0,2.0,2.0,0.0,,,,,,,,0.5289031736657247
682,682.0,sgd,mse,exponential,relu,1.0,100.0,2.0,2.0,4.0,0.0,,,,,,,,0.5289031736657247
683,683.0,sgd,mse,exponential,relu,1.0,100.0,2.0,2.0,7.0,0.0,,,,,,,,0.5289031736657247
684,684.0,sgd,mse,exponential,relu,1.0,100.0,2.0,2.0,10.0,0.0,,,,,,,,0.5289031736657247
685,685.0,sgd,mse,exponential,relu,1.0,100.0,4.0,2.0,1.0,0.0,,,,,,,,0.5289031736657247
686,686.0,sgd,mse,exponential,relu,1.0,100.0,4.0,2.0,2.0,0.0,,,,,,,,0.5289031736657247
687,687.0,sgd,mse,exponential,relu,1.0,100.0,4.0,2.0,4.0,0.0,,,,,,,,0.5289031736657247
688,688.0,sgd,mse,exponential,relu,1.0,100.0,4.0,2.0,7.0,0.0,,,,,,,,0.5289031736657247
689,689.0,sgd,mse,exponential,relu,1.0,100.0,4.0,2.0,10.0,0.0,,,,,,,,0.5289031736657247
690,690.0,sgd,mse,exponential,relu,1.0,100.0,7.0,2.0,1.0,0.0,,,,,,,,0.5289031736657247
691,691.0,sgd,mse,exponential,relu,1.0,100.0,7.0,2.0,2.0,0.0,6484385595392.0,6484385595392.0,1634295.375,100.0,0.0,2546445.75,195.98910522460938,0.5289031736657247
692,692.0,sgd,mse,exponential,relu,1.0,100.0,7.0,2.0,4.0,0.0,,,,,,,,0.5289031736657247
693,693.0,sgd,mse,exponential,relu,1.0,100.0,7.0,2.0,7.0,0.0,,,,,,,,0.5289031736657247
694,694.0,sgd,mse,exponential,relu,1.0,100.0,7.0,2.0,10.0,0.0,,,,,,,,0.5289031736657247
695,695.0,sgd,mse,exponential,relu,1.0,100.0,10.0,2.0,1.0,0.0,,,,,,,,0.5289031736657247
696,696.0,sgd,mse,exponential,relu,1.0,100.0,10.0,2.0,2.0,0.0,,,,,,,,0.5289031736657247
697,697.0,sgd,mse,exponential,relu,1.0,100.0,10.0,2.0,4.0,0.0,,,,,,,,0.5289031736657247
698,698.0,sgd,mse,exponential,relu,1.0,100.0,10.0,2.0,7.0,0.0,,,,,,,,0.5289031736657247
699,699.0,sgd,mse,exponential,relu,1.0,100.0,10.0,2.0,10.0,0.0,,,,,,,,0.5289031736657247
700,700.0,sgd,mse,exponential,relu,10.0,1.0,1.0,2.0,1.0,0.0,,,,,,,,0.5289031736657247
701,701.0,sgd,mse,exponential,relu,10.0,1.0,1.0,2.0,2.0,0.0,,,,,,,,0.5289031736657247
702,702.0,sgd,mse,exponential,relu,10.0,1.0,1.0,2.0,4.0,0.0,,,,,,,,0.5289031736657247
703,703.0,sgd,mse,exponential,relu,10.0,1.0,1.0,2.0,7.0,0.0,6484385595392.0,6484385595392.0,1634295.375,100.0,0.0,2546445.75,195.98910522460938,0.5289031736657247
704,704.0,sgd,mse,exponential,relu,10.0,1.0,1.0,2.0,10.0,0.0,,,,,,,,0.5289031736657247
705,705.0,sgd,mse,exponential,relu,10.0,1.0,2.0,2.0,1.0,0.0,6484385595392.0,6484385595392.0,1634295.375,100.0,0.0,2546445.75,195.98910522460938,0.5289031736657247
706,706.0,sgd,mse,exponential,relu,10.0,1.0,2.0,2.0,2.0,0.0,,,,,,,,0.5289031736657247
707,707.0,sgd,mse,exponential,relu,10.0,1.0,2.0,2.0,4.0,0.0,,,,,,,,0.5289031736657247
708,708.0,sgd,mse,exponential,relu,10.0,1.0,2.0,2.0,7.0,0.0,,,,,,,,0.5289031736657247
709,709.0,sgd,mse,exponential,relu,10.0,1.0,2.0,2.0,10.0,0.0,,,,,,,,0.5289031736657247
710,710.0,sgd,mse,exponential,relu,10.0,1.0,4.0,2.0,1.0,0.0,,,,,,,,0.5289031736657247
711,711.0,sgd,mse,exponential,relu,10.0,1.0,4.0,2.0,2.0,0.0,,,,,,,,0.5289031736657247
712,712.0,sgd,mse,exponential,relu,10.0,1.0,4.0,2.0,4.0,0.0,,,,,,,,0.5289031736657247
713,713.0,sgd,mse,exponential,relu,10.0,1.0,4.0,2.0,7.0,0.0,,,,,,,,0.5289031736657247
714,714.0,sgd,mse,exponential,relu,10.0,1.0,4.0,2.0,10.0,0.0,,,,,,,,0.5289031736657247
715,715.0,sgd,mse,exponential,relu,10.0,1.0,7.0,2.0,1.0,0.0,6484385595392.0,6484385595392.0,1634295.375,100.0,0.0,2546445.75,195.98910522460938,0.5289031736657247
716,716.0,sgd,mse,exponential,relu,10.0,1.0,7.0,2.0,2.0,0.0,,,,,,,,0.5289031736657247
